Postcode;City;State;Region;
1000;Bruxelles;Bruxelles-Capitale;Bruxelles;
1020;Laeken;Bruxelles-Capitale;Bruxelles;
1030;Schaerbeek;Bruxelles-Capitale;Bruxelles;
1040;Etterbeek;Bruxelles-Capitale;Bruxelles;
1050;Ixelles;Bruxelles-Capitale;Bruxelles;
1060;Saint-Gilles;Bruxelles-Capitale;Bruxelles;
1070;Anderlecht;Bruxelles-Capitale;Bruxelles;
1080;Molenbeek-Saint-Jean;Bruxelles-Capitale;Bruxelles;
1081;Koekelberg;Bruxelles-Capitale;Bruxelles;
1082;Berchem-Sainte-Agathe;Bruxelles-Capitale;Bruxelles;
1083;Ganshoren;Bruxelles-Capitale;Bruxelles;
1090;Jette;Bruxelles-Capitale;Bruxelles;
1120;Neder-Over-Heembeek;Bruxelles-Capitale;Bruxelles;
1130;Haren;Bruxelles-Capitale;Bruxelles;
1140;Evere;Bruxelles-Capitale;Bruxelles;
1150;Woluwe-Saint-Pierre;Bruxelles-Capitale;Bruxelles;
1160;Auderghem;Bruxelles-Capitale;Bruxelles;
1170;Watermael-Boitsfort;Bruxelles-Capitale;Bruxelles;
1180;Uccle;Bruxelles-Capitale;Bruxelles;
1190;Forest;Bruxelles-Capitale;Bruxelles;
1200;Woluwe-Saint-Lambert;Bruxelles-Capitale;Bruxelles;
1210;Saint-Josse-Ten-Noode;Bruxelles-Capitale;Bruxelles;
1300;Limal;Waals-Brabant;Wallonië;
1300;Wavre;Waals-Brabant;Wallonië;
1301;Bierges;Waals-Brabant;Wallonië;
1310;La Hulpe;Waals-Brabant;Wallonië;
1315;Glimes;Waals-Brabant;Wallonië;
1315;Incourt;Waals-Brabant;Wallonië;
1315;Opprebais;Waals-Brabant;Wallonië;
1315;Piètrebais;Waals-Brabant;Wallonië;
1315;Roux-Miroir;Waals-Brabant;Wallonië;
1320;Beauvechain;Waals-Brabant;Wallonië;
1320;Hamme-Mille;Waals-Brabant;Wallonië;
1320;L'ecluse;Waals-Brabant;Wallonië;
1320;Nodebais;Waals-Brabant;Wallonië;
1320;Tourinnes-La-Grosse;Waals-Brabant;Wallonië;
1325;Bonlez;Waals-Brabant;Wallonië;
1325;Chaumont-Gistoux;Waals-Brabant;Wallonië;
1325;Corroy-Le-Grand;Waals-Brabant;Wallonië;
1325;Dion-Valmont;Waals-Brabant;Wallonië;
1325;Longueville;Waals-Brabant;Wallonië;
1330;Rixensart;Waals-Brabant;Wallonië;
1331;Rosières;Waals-Brabant;Wallonië;
1332;Genval;Waals-Brabant;Wallonië;
1340;Ottignies;Waals-Brabant;Wallonië;
1340;Ottignies-Louvain-La-Neuve;Waals-Brabant;Wallonië;
1341;Céroux-Mousty;Waals-Brabant;Wallonië;
1342;Limelette;Waals-Brabant;Wallonië;
1348;Louvain-La-Neuve;Waals-Brabant;Wallonië;
1350;Enines;Waals-Brabant;Wallonië;
1350;Folx-Les-Caves;Waals-Brabant;Wallonië;
1350;Jandrain-Jandrenouille;Waals-Brabant;Wallonië;
1350;Jauche;Waals-Brabant;Wallonië;
1350;Marilles;Waals-Brabant;Wallonië;
1350;Noduwez;Waals-Brabant;Wallonië;
1350;Orp-Jauche;Waals-Brabant;Wallonië;
1350;Orp-Le-Grand;Waals-Brabant;Wallonië;
1357;Hélécine;Waals-Brabant;Wallonië;
1357;Linsmeau;Waals-Brabant;Wallonië;
1357;Neerheylissem;Waals-Brabant;Wallonië;
1357;Opheylissem;Waals-Brabant;Wallonië;
1360;Malèves-Sainte-Marie-Wastines;Waals-Brabant;Wallonië;
1360;Orbais;Waals-Brabant;Wallonië;
1360;Perwez;Waals-Brabant;Wallonië;
1360;Thorembais-Les-Béguines;Waals-Brabant;Wallonië;
1360;Thorembais-Saint-Trond;Waals-Brabant;Wallonië;
1367;Autre-Eglise;Waals-Brabant;Wallonië;
1367;Bomal;Waals-Brabant;Wallonië;
1367;Gérompont;Waals-Brabant;Wallonië;
1367;Grand-Rosière-Hottomont;Waals-Brabant;Wallonië;
1367;Huppaye;Waals-Brabant;Wallonië;
1367;Mont-Saint-André;Waals-Brabant;Wallonië;
1367;Ramillies;Waals-Brabant;Wallonië;
1370;Dongelberg;Waals-Brabant;Wallonië;
1370;Jauchelette;Waals-Brabant;Wallonië;
1370;Jodoigne;Waals-Brabant;Wallonië;
1370;Jodoigne-Souveraine;Waals-Brabant;Wallonië;
1370;Lathuy;Waals-Brabant;Wallonië;
1370;Mélin;Waals-Brabant;Wallonië;
1370;Piétrain;Waals-Brabant;Wallonië;
1370;Saint-Jean-Geest;Waals-Brabant;Wallonië;
1370;Saint-Remy-Geest;Waals-Brabant;Wallonië;
1370;Zétrud-Lumay;Waals-Brabant;Wallonië;
1380;Couture-Saint-Germain;Waals-Brabant;Wallonië;
1380;Lasne;Waals-Brabant;Wallonië;
1380;Lasne-Chapelle-Saint-Lambert;Waals-Brabant;Wallonië;
1380;Maransart;Waals-Brabant;Wallonië;
1380;Ohain;Waals-Brabant;Wallonië;
1380;Plancenoit;Waals-Brabant;Wallonië;
1390;Archennes;Waals-Brabant;Wallonië;
1390;Biez;Waals-Brabant;Wallonië;
1390;Bossut-Gottechain;Waals-Brabant;Wallonië;
1390;Grez-Doiceau;Waals-Brabant;Wallonië;
1390;Nethen;Waals-Brabant;Wallonië;
1400;Monstreux;Waals-Brabant;Wallonië;
1400;Nivelles;Waals-Brabant;Wallonië;
1401;Baulers;Waals-Brabant;Wallonië;
1402;Thines;Waals-Brabant;Wallonië;
1404;Bornival;Waals-Brabant;Wallonië;
1410;Waterloo;Waals-Brabant;Wallonië;
1420;Braine-L'alleud;Waals-Brabant;Wallonië;
1421;Ophain-Bois-Seigneur-Isaac;Waals-Brabant;Wallonië;
1428;Lillois-Witterzée;Waals-Brabant;Wallonië;
1430;Bierghes;Waals-Brabant;Wallonië;
1430;Quenast;Waals-Brabant;Wallonië;
1430;Rebecq;Waals-Brabant;Wallonië;
1430;Rebecq-Rognon;Waals-Brabant;Wallonië;
1435;Corbais;Waals-Brabant;Wallonië;
1435;Hévillers;Waals-Brabant;Wallonië;
1435;Mont-Saint-Guibert;Waals-Brabant;Wallonië;
1440;Braine-Le-Château;Waals-Brabant;Wallonië;
1440;Wauthier-Braine;Waals-Brabant;Wallonië;
1450;Chastre;Waals-Brabant;Wallonië;
1450;Chastre-Villeroux-Blanmont;Waals-Brabant;Wallonië;
1450;Cortil-Noirmont;Waals-Brabant;Wallonië;
1450;Gentinnes;Waals-Brabant;Wallonië;
1450;Saint-Géry;Waals-Brabant;Wallonië;
1457;Nil-Saint-Vincent-Saint-Martin;Waals-Brabant;Wallonië;
1457;Tourinnes-Saint-Lambert;Waals-Brabant;Wallonië;
1457;Walhain;Waals-Brabant;Wallonië;
1457;Walhain-Saint-Paul;Waals-Brabant;Wallonië;
1460;Ittre;Waals-Brabant;Wallonië;
1460;Virginal-Samme;Waals-Brabant;Wallonië;
1461;Haut-Ittre;Waals-Brabant;Wallonië;
1470;Baisy-Thy;Waals-Brabant;Wallonië;
1470;Bousval;Waals-Brabant;Wallonië;
1470;Genappe;Waals-Brabant;Wallonië;
1471;Loupoigne;Waals-Brabant;Wallonië;
1472;Vieux-Genappe;Waals-Brabant;Wallonië;
1473;Glabais;Waals-Brabant;Wallonië;
1474;Ways;Waals-Brabant;Wallonië;
1476;Houtain-Le-Val;Waals-Brabant;Wallonië;
1480;Clabecq;Waals-Brabant;Wallonië;
1480;Oisquercq;Waals-Brabant;Wallonië;
1480;Saintes;Waals-Brabant;Wallonië;
1480;Tubize;Waals-Brabant;Wallonië;
1490;Court-Saint-Etienne;Waals-Brabant;Wallonië;
1495;Marbais;Waals-Brabant;Wallonië;
1495;Mellery;Waals-Brabant;Wallonië;
1495;Sart-Dames-Avelines;Waals-Brabant;Wallonië;
1495;Tilly;Waals-Brabant;Wallonië;
1495;Villers-La-Ville;Waals-Brabant;Wallonië;
1500;Halle;Vlaams-Brabant;Vlaanderen;
1501;Buizingen;Vlaams-Brabant;Vlaanderen;
1502;Lembeek;Vlaams-Brabant;Vlaanderen;
1540;Herfelingen;Vlaams-Brabant;Vlaanderen;
1540;Herne;Vlaams-Brabant;Vlaanderen;
1541;Sint-Pieters-Kapelle;Vlaams-Brabant;Vlaanderen;
1547;Biévène;Vlaams-Brabant;Vlaanderen;
1560;Hoeilaart;Vlaams-Brabant;Vlaanderen;
1570;Galmaarden;Vlaams-Brabant;Vlaanderen;
1570;Tollembeek;Vlaams-Brabant;Vlaanderen;
1570;Vollezele;Vlaams-Brabant;Vlaanderen;
1600;Oudenaken;Vlaams-Brabant;Vlaanderen;
1600;Sint-Laureins-Berchem;Vlaams-Brabant;Vlaanderen;
1600;Sint-Pieters-Leeuw;Vlaams-Brabant;Vlaanderen;
1601;Ruisbroek;Vlaams-Brabant;Vlaanderen;
1602;Vlezenbeek;Vlaams-Brabant;Vlaanderen;
1620;Drogenbos;Vlaams-Brabant;Vlaanderen;
1630;Linkebeek;Vlaams-Brabant;Vlaanderen;
1640;Rhode-Saint-Genèse;Vlaams-Brabant;Vlaanderen;
1650;Beersel;Vlaams-Brabant;Vlaanderen;
1651;Lot;Vlaams-Brabant;Vlaanderen;
1652;Alsemberg;Vlaams-Brabant;Vlaanderen;
1653;Dworp;Vlaams-Brabant;Vlaanderen;
1654;Huizingen;Vlaams-Brabant;Vlaanderen;
1670;Bogaarden;Vlaams-Brabant;Vlaanderen;
1670;Heikruis;Vlaams-Brabant;Vlaanderen;
1670;Pepingen;Vlaams-Brabant;Vlaanderen;
1671;Elingen;Vlaams-Brabant;Vlaanderen;
1673;Beert;Vlaams-Brabant;Vlaanderen;
1674;Bellingen;Vlaams-Brabant;Vlaanderen;
1700;Dilbeek;Vlaams-Brabant;Vlaanderen;
1700;Sint-Martens-Bodegem;Vlaams-Brabant;Vlaanderen;
1700;Sint-Ulriks-Kapelle;Vlaams-Brabant;Vlaanderen;
1701;Itterbeek;Vlaams-Brabant;Vlaanderen;
1702;Groot-Bijgaarden;Vlaams-Brabant;Vlaanderen;
1703;Schepdaal;Vlaams-Brabant;Vlaanderen;
1730;Asse;Vlaams-Brabant;Vlaanderen;
1730;Bekkerzeel;Vlaams-Brabant;Vlaanderen;
1730;Kobbegem;Vlaams-Brabant;Vlaanderen;
1730;Mollem;Vlaams-Brabant;Vlaanderen;
1731;Relegem;Vlaams-Brabant;Vlaanderen;
1731;Zellik;Vlaams-Brabant;Vlaanderen;
1740;Ternat;Vlaams-Brabant;Vlaanderen;
1741;Wambeek;Vlaams-Brabant;Vlaanderen;
1742;Sint-Katherina-Lombeek;Vlaams-Brabant;Vlaanderen;
1745;Mazenzele;Vlaams-Brabant;Vlaanderen;
1745;Opwijk;Vlaams-Brabant;Vlaanderen;
1750;Gaasbeek;Vlaams-Brabant;Vlaanderen;
1750;Lennik;Vlaams-Brabant;Vlaanderen;
1750;Sint-Kwintens-Lennik;Vlaams-Brabant;Vlaanderen;
1750;Sint-Martens-Lennik;Vlaams-Brabant;Vlaanderen;
1755;Gooik;Vlaams-Brabant;Vlaanderen;
1755;Kester;Vlaams-Brabant;Vlaanderen;
1755;Leerbeek;Vlaams-Brabant;Vlaanderen;
1755;Oetingen;Vlaams-Brabant;Vlaanderen;
1760;Onze-Lieve-Vrouw-Lombeek;Vlaams-Brabant;Vlaanderen;
1760;Pamel;Vlaams-Brabant;Vlaanderen;
1760;Roosdaal;Vlaams-Brabant;Vlaanderen;
1760;Strijtem;Vlaams-Brabant;Vlaanderen;
1761;Borchtlombeek;Vlaams-Brabant;Vlaanderen;
1770;Liedekerke;Vlaams-Brabant;Vlaanderen;
1780;Wemmel;Vlaams-Brabant;Vlaanderen;
1785;Brussegem;Vlaams-Brabant;Vlaanderen;
1785;Hamme;Vlaams-Brabant;Vlaanderen;
1785;Merchtem;Vlaams-Brabant;Vlaanderen;
1790;Affligem;Vlaams-Brabant;Vlaanderen;
1790;Essene;Vlaams-Brabant;Vlaanderen;
1790;Hekelgem;Vlaams-Brabant;Vlaanderen;
1790;Teralfene;Vlaams-Brabant;Vlaanderen;
1800;Peutie;Vlaams-Brabant;Vlaanderen;
1800;Vilvoorde;Vlaams-Brabant;Vlaanderen;
1820;Melsbroek;Vlaams-Brabant;Vlaanderen;
1820;Perk;Vlaams-Brabant;Vlaanderen;
1820;Steenokkerzeel;Vlaams-Brabant;Vlaanderen;
1830;Machelen;Vlaams-Brabant;Vlaanderen;
1831;Diegem;Vlaams-Brabant;Vlaanderen;
1840;Londerzeel;Vlaams-Brabant;Vlaanderen;
1840;Malderen;Vlaams-Brabant;Vlaanderen;
1840;Steenhuffel;Vlaams-Brabant;Vlaanderen;
1850;Grimbergen;Vlaams-Brabant;Vlaanderen;
1851;Humbeek;Vlaams-Brabant;Vlaanderen;
1852;Beigem;Vlaams-Brabant;Vlaanderen;
1853;Strombeek-Bever;Vlaams-Brabant;Vlaanderen;
1860;Meise;Vlaams-Brabant;Vlaanderen;
1861;Wolvertem;Vlaams-Brabant;Vlaanderen;
1880;Kapelle-Op-Den-Bos;Vlaams-Brabant;Vlaanderen;
1880;Nieuwenrode;Vlaams-Brabant;Vlaanderen;
1880;Ramsdonk;Vlaams-Brabant;Vlaanderen;
1910;Berg;Vlaams-Brabant;Vlaanderen;
1910;Buken;Vlaams-Brabant;Vlaanderen;
1910;Kampenhout;Vlaams-Brabant;Vlaanderen;
1910;Nederokkerzeel;Vlaams-Brabant;Vlaanderen;
1930;Nossegem;Vlaams-Brabant;Vlaanderen;
1930;Zaventem;Vlaams-Brabant;Vlaanderen;
1932;Sint-Stevens-Woluwe;Vlaams-Brabant;Vlaanderen;
1933;Sterrebeek;Vlaams-Brabant;Vlaanderen;
1950;Kraainem;Vlaams-Brabant;Vlaanderen;
1970;Wezembeek-Oppem;Vlaams-Brabant;Vlaanderen;
1980;Eppegem;Vlaams-Brabant;Vlaanderen;
1980;Zemst;Vlaams-Brabant;Vlaanderen;
1981;Hofstade;Vlaams-Brabant;Vlaanderen;
1982;Elewijt;Vlaams-Brabant;Vlaanderen;
1982;Weerde;Vlaams-Brabant;Vlaanderen;
2000;Antwerpen;Antwerpen;Vlaanderen;
2018;Antwerpen;Antwerpen;Vlaanderen;
2020;Antwerpen;Antwerpen;Vlaanderen;
2030;Antwerpen;Antwerpen;Vlaanderen;
2040;Antwerpen;Antwerpen;Vlaanderen;
2040;Berendrecht;Antwerpen;Vlaanderen;
2040;Lillo;Antwerpen;Vlaanderen;
2040;Zandvliet;Antwerpen;Vlaanderen;
2050;Antwerpen;Antwerpen;Vlaanderen;
2060;Antwerpen;Antwerpen;Vlaanderen;
2070;Burcht;Antwerpen;Vlaanderen;
2070;Zwijndrecht;Antwerpen;Vlaanderen;
2100;Deurne;Antwerpen;Vlaanderen;
2110;Wijnegem;Antwerpen;Vlaanderen;
2140;Borgerhout;Antwerpen;Vlaanderen;
2150;Borsbeek;Antwerpen;Vlaanderen;
2160;Wommelgem;Antwerpen;Vlaanderen;
2170;Merksem;Antwerpen;Vlaanderen;
2180;Ekeren;Antwerpen;Vlaanderen;
2200;Herentals;Antwerpen;Vlaanderen;
2200;Morkhoven;Antwerpen;Vlaanderen;
2200;Noorderwijk;Antwerpen;Vlaanderen;
2220;Hallaar;Antwerpen;Vlaanderen;
2220;Heist-Op-Den-Berg;Antwerpen;Vlaanderen;
2221;Booischot;Antwerpen;Vlaanderen;
2222;Itegem;Antwerpen;Vlaanderen;
2222;Wiekevorst;Antwerpen;Vlaanderen;
2223;Schriek;Antwerpen;Vlaanderen;
2230;Herselt;Antwerpen;Vlaanderen;
2230;Ramsel;Antwerpen;Vlaanderen;
2235;Houtvenne;Antwerpen;Vlaanderen;
2235;Hulshout;Antwerpen;Vlaanderen;
2235;Westmeerbeek;Antwerpen;Vlaanderen;
2240;Massenhoven;Antwerpen;Vlaanderen;
2240;Viersel;Antwerpen;Vlaanderen;
2240;Zandhoven;Antwerpen;Vlaanderen;
2242;Pulderbos;Antwerpen;Vlaanderen;
2243;Pulle;Antwerpen;Vlaanderen;
2250;Olen;Antwerpen;Vlaanderen;
2260;Oevel;Antwerpen;Vlaanderen;
2260;Tongerlo;Antwerpen;Vlaanderen;
2260;Westerlo;Antwerpen;Vlaanderen;
2260;Zoerle-Parwijs;Antwerpen;Vlaanderen;
2270;Herenthout;Antwerpen;Vlaanderen;
2275;Gierle;Antwerpen;Vlaanderen;
2275;Lille;Antwerpen;Vlaanderen;
2275;Poederlee;Antwerpen;Vlaanderen;
2275;Wechelderzande;Antwerpen;Vlaanderen;
2280;Grobbendonk;Antwerpen;Vlaanderen;
2288;Bouwel;Antwerpen;Vlaanderen;
2290;Vorselaar;Antwerpen;Vlaanderen;
2300;Turnhout;Antwerpen;Vlaanderen;
2310;Rijkevorsel;Antwerpen;Vlaanderen;
2320;Hoogstraten;Antwerpen;Vlaanderen;
2321;Meer;Antwerpen;Vlaanderen;
2322;Minderhout;Antwerpen;Vlaanderen;
2323;Wortel;Antwerpen;Vlaanderen;
2328;Meerle;Antwerpen;Vlaanderen;
2330;Merksplas;Antwerpen;Vlaanderen;
2340;Beerse;Antwerpen;Vlaanderen;
2340;Vlimmeren;Antwerpen;Vlaanderen;
2350;Vosselaar;Antwerpen;Vlaanderen;
2360;Oud-Turnhout;Antwerpen;Vlaanderen;
2370;Arendonk;Antwerpen;Vlaanderen;
2380;Ravels;Antwerpen;Vlaanderen;
2381;Weelde;Antwerpen;Vlaanderen;
2382;Poppel;Antwerpen;Vlaanderen;
2387;Baarle-Hertog;Antwerpen;Vlaanderen;
2390;Malle;Antwerpen;Vlaanderen;
2390;Oostmalle;Antwerpen;Vlaanderen;
2390;Westmalle;Antwerpen;Vlaanderen;
2400;Mol;Antwerpen;Vlaanderen;
2430;Eindhout;Antwerpen;Vlaanderen;
2430;Laakdal;Antwerpen;Vlaanderen;
2430;Vorst;Antwerpen;Vlaanderen;
2431;Varendonk;Antwerpen;Vlaanderen;
2431;Veerle;Antwerpen;Vlaanderen;
2440;Geel;Antwerpen;Vlaanderen;
2450;Meerhout;Antwerpen;Vlaanderen;
2460;Kasterlee;Antwerpen;Vlaanderen;
2460;Lichtaart;Antwerpen;Vlaanderen;
2460;Tielen;Antwerpen;Vlaanderen;
2470;Retie;Antwerpen;Vlaanderen;
2480;Dessel;Antwerpen;Vlaanderen;
2490;Balen;Antwerpen;Vlaanderen;
2491;Olmen;Antwerpen;Vlaanderen;
2500;Koningshooikt;Antwerpen;Vlaanderen;
2500;Lier;Antwerpen;Vlaanderen;
2520;Broechem;Antwerpen;Vlaanderen;
2520;Emblem;Antwerpen;Vlaanderen;
2520;Oelegem;Antwerpen;Vlaanderen;
2520;Ranst;Antwerpen;Vlaanderen;
2530;Boechout;Antwerpen;Vlaanderen;
2531;Vremde;Antwerpen;Vlaanderen;
2540;Hove;Antwerpen;Vlaanderen;
2547;Lint;Antwerpen;Vlaanderen;
2550;Kontich;Antwerpen;Vlaanderen;
2550;Waarloos;Antwerpen;Vlaanderen;
2560;Bevel;Antwerpen;Vlaanderen;
2560;Kessel;Antwerpen;Vlaanderen;
2560;Nijlen;Antwerpen;Vlaanderen;
2570;Duffel;Antwerpen;Vlaanderen;
2580;Beerzel;Antwerpen;Vlaanderen;
2580;Putte;Antwerpen;Vlaanderen;
2590;Berlaar;Antwerpen;Vlaanderen;
2590;Gestel;Antwerpen;Vlaanderen;
2600;Berchem;Antwerpen;Vlaanderen;
2610;Wilrijk;Antwerpen;Vlaanderen;
2620;Hemiksem;Antwerpen;Vlaanderen;
2627;Schelle;Antwerpen;Vlaanderen;
2630;Aartselaar;Antwerpen;Vlaanderen;
2640;Mortsel;Antwerpen;Vlaanderen;
2650;Edegem;Antwerpen;Vlaanderen;
2660;Hoboken;Antwerpen;Vlaanderen;
2800;Mechelen;Antwerpen;Vlaanderen;
2800;Walem;Antwerpen;Vlaanderen;
2801;Heffen;Antwerpen;Vlaanderen;
2811;Hombeek;Antwerpen;Vlaanderen;
2811;Leest;Antwerpen;Vlaanderen;
2812;Muizen;Antwerpen;Vlaanderen;
2820;Bonheiden;Antwerpen;Vlaanderen;
2820;Rijmenam;Antwerpen;Vlaanderen;
2830;Blaasveld;Antwerpen;Vlaanderen;
2830;Heindonk;Antwerpen;Vlaanderen;
2830;Tisselt;Antwerpen;Vlaanderen;
2830;Willebroek;Antwerpen;Vlaanderen;
2840;Reet;Antwerpen;Vlaanderen;
2840;Rumst;Antwerpen;Vlaanderen;
2840;Terhagen;Antwerpen;Vlaanderen;
2845;Niel;Antwerpen;Vlaanderen;
2850;Boom;Antwerpen;Vlaanderen;
2860;Sint-Katelijne-Waver;Antwerpen;Vlaanderen;
2861;Onze-Lieve-Vrouw-Waver;Antwerpen;Vlaanderen;
2870;Breendonk;Antwerpen;Vlaanderen;
2870;Liezele;Antwerpen;Vlaanderen;
2870;Puurs;Antwerpen;Vlaanderen;
2870;Ruisbroek;Antwerpen;Vlaanderen;
2880;Bornem;Antwerpen;Vlaanderen;
2880;Hingene;Antwerpen;Vlaanderen;
2880;Mariekerke;Antwerpen;Vlaanderen;
2880;Weert;Antwerpen;Vlaanderen;
2890;Lippelo;Antwerpen;Vlaanderen;
2890;Oppuurs;Antwerpen;Vlaanderen;
2890;Sint-Amands;Antwerpen;Vlaanderen;
2900;Schoten;Antwerpen;Vlaanderen;
2910;Essen;Antwerpen;Vlaanderen;
2920;Kalmthout;Antwerpen;Vlaanderen;
2930;Brasschaat;Antwerpen;Vlaanderen;
2940;Hoevenen;Antwerpen;Vlaanderen;
2940;Stabroek;Antwerpen;Vlaanderen;
2950;Kapellen;Antwerpen;Vlaanderen;
2960;Brecht;Antwerpen;Vlaanderen;
2960;Sint-Job-In-'t-Goor;Antwerpen;Vlaanderen;
2960;Sint-Lenaarts;Antwerpen;Vlaanderen;
2970;'s Gravenwezel;Antwerpen;Vlaanderen;
2970;Schilde;Antwerpen;Vlaanderen;
2980;Halle;Antwerpen;Vlaanderen;
2980;Zoersel;Antwerpen;Vlaanderen;
2990;Loenhout;Antwerpen;Vlaanderen;
2990;Wuustwezel;Antwerpen;Vlaanderen;
3000;Leuven;Vlaams-Brabant;Vlaanderen;
3001;Heverlee;Vlaams-Brabant;Vlaanderen;
3010;Kessel Lo;Vlaams-Brabant;Vlaanderen;
3012;Wilsele;Vlaams-Brabant;Vlaanderen;
3018;Wijgmaal;Vlaams-Brabant;Vlaanderen;
3020;Herent;Vlaams-Brabant;Vlaanderen;
3020;Veltem-Beisem;Vlaams-Brabant;Vlaanderen;
3020;Winksele;Vlaams-Brabant;Vlaanderen;
3040;Huldenberg;Vlaams-Brabant;Vlaanderen;
3040;Loonbeek;Vlaams-Brabant;Vlaanderen;
3040;Neerijse;Vlaams-Brabant;Vlaanderen;
3040;Ottenburg;Vlaams-Brabant;Vlaanderen;
3040;Sint-Agatha-Rode;Vlaams-Brabant;Vlaanderen;
3050;Oud-Heverlee;Vlaams-Brabant;Vlaanderen;
3051;Sint-Joris-Weert;Vlaams-Brabant;Vlaanderen;
3052;Blanden;Vlaams-Brabant;Vlaanderen;
3053;Haasrode;Vlaams-Brabant;Vlaanderen;
3054;Vaalbeek;Vlaams-Brabant;Vlaanderen;
3060;Bertem;Vlaams-Brabant;Vlaanderen;
3060;Korbeek-Dijle;Vlaams-Brabant;Vlaanderen;
3061;Leefdaal;Vlaams-Brabant;Vlaanderen;
3070;Kortenberg;Vlaams-Brabant;Vlaanderen;
3071;Erps-Kwerps;Vlaams-Brabant;Vlaanderen;
3078;Everberg;Vlaams-Brabant;Vlaanderen;
3078;Meerbeek;Vlaams-Brabant;Vlaanderen;
3080;Duisburg;Vlaams-Brabant;Vlaanderen;
3080;Tervuren;Vlaams-Brabant;Vlaanderen;
3080;Vossem;Vlaams-Brabant;Vlaanderen;
3090;Overijse;Vlaams-Brabant;Vlaanderen;
3110;Rotselaar;Vlaams-Brabant;Vlaanderen;
3111;Wezemaal;Vlaams-Brabant;Vlaanderen;
3118;Werchter;Vlaams-Brabant;Vlaanderen;
3120;Tremelo;Vlaams-Brabant;Vlaanderen;
3128;Baal;Vlaams-Brabant;Vlaanderen;
3130;Begijnendijk;Vlaams-Brabant;Vlaanderen;
3130;Betekom;Vlaams-Brabant;Vlaanderen;
3140;Keerbergen;Vlaams-Brabant;Vlaanderen;
3150;Haacht;Vlaams-Brabant;Vlaanderen;
3150;Tildonk;Vlaams-Brabant;Vlaanderen;
3150;Wespelaar;Vlaams-Brabant;Vlaanderen;
3190;Boortmeerbeek;Vlaams-Brabant;Vlaanderen;
3191;Hever;Vlaams-Brabant;Vlaanderen;
3200;Aarschot;Vlaams-Brabant;Vlaanderen;
3200;Gelrode;Vlaams-Brabant;Vlaanderen;
3201;Langdorp;Vlaams-Brabant;Vlaanderen;
3202;Rillaar;Vlaams-Brabant;Vlaanderen;
3210;Linden;Vlaams-Brabant;Vlaanderen;
3210;Lubbeek;Vlaams-Brabant;Vlaanderen;
3211;Binkom;Vlaams-Brabant;Vlaanderen;
3212;Pellenberg;Vlaams-Brabant;Vlaanderen;
3220;Holsbeek;Vlaams-Brabant;Vlaanderen;
3220;Kortrijk-Dutsel;Vlaams-Brabant;Vlaanderen;
3220;Sint-Pieters-Rode;Vlaams-Brabant;Vlaanderen;
3221;Nieuwrode;Vlaams-Brabant;Vlaanderen;
3270;Scherpenheuvel;Vlaams-Brabant;Vlaanderen;
3270;Scherpenheuvel-Zichem;Vlaams-Brabant;Vlaanderen;
3271;Averbode;Vlaams-Brabant;Vlaanderen;
3271;Zichem;Vlaams-Brabant;Vlaanderen;
3272;Messelbroek;Vlaams-Brabant;Vlaanderen;
3272;Testelt;Vlaams-Brabant;Vlaanderen;
3290;Deurne;Vlaams-Brabant;Vlaanderen;
3290;Diest;Vlaams-Brabant;Vlaanderen;
3290;Schaffen;Vlaams-Brabant;Vlaanderen;
3290;Webbekom;Vlaams-Brabant;Vlaanderen;
3293;Kaggevinne;Vlaams-Brabant;Vlaanderen;
3294;Molenstede;Vlaams-Brabant;Vlaanderen;
3300;Bost;Vlaams-Brabant;Vlaanderen;
3300;Goetsenhoven;Vlaams-Brabant;Vlaanderen;
3300;Hakendover;Vlaams-Brabant;Vlaanderen;
3300;Kumtich;Vlaams-Brabant;Vlaanderen;
3300;Oorbeek;Vlaams-Brabant;Vlaanderen;
3300;Oplinter;Vlaams-Brabant;Vlaanderen;
3300;Sint-Margriete-Houtem;Vlaams-Brabant;Vlaanderen;
3300;Tienen;Vlaams-Brabant;Vlaanderen;
3300;Vissenaken;Vlaams-Brabant;Vlaanderen;
3320;Hoegaarden;Vlaams-Brabant;Vlaanderen;
3320;Meldert;Vlaams-Brabant;Vlaanderen;
3321;Outgaarden;Vlaams-Brabant;Vlaanderen;
3350;Drieslinter;Vlaams-Brabant;Vlaanderen;
3350;Linter;Vlaams-Brabant;Vlaanderen;
3350;Melkwezer;Vlaams-Brabant;Vlaanderen;
3350;Neerhespen;Vlaams-Brabant;Vlaanderen;
3350;Neerlinter;Vlaams-Brabant;Vlaanderen;
3350;Orsmaal-Gussenhoven;Vlaams-Brabant;Vlaanderen;
3350;Overhespen;Vlaams-Brabant;Vlaanderen;
3350;Wommersom;Vlaams-Brabant;Vlaanderen;
3360;Bierbeek;Vlaams-Brabant;Vlaanderen;
3360;Korbeek-Lo;Vlaams-Brabant;Vlaanderen;
3360;Lovenjoel;Vlaams-Brabant;Vlaanderen;
3360;Opvelp;Vlaams-Brabant;Vlaanderen;
3370;Boutersem;Vlaams-Brabant;Vlaanderen;
3370;Kerkom;Vlaams-Brabant;Vlaanderen;
3370;Neervelp;Vlaams-Brabant;Vlaanderen;
3370;Roosbeek;Vlaams-Brabant;Vlaanderen;
3370;Vertrijk;Vlaams-Brabant;Vlaanderen;
3370;Willebringen;Vlaams-Brabant;Vlaanderen;
3380;Bunsbeek;Vlaams-Brabant;Vlaanderen;
3380;Glabbeek;Vlaams-Brabant;Vlaanderen;
3381;Kapellen;Vlaams-Brabant;Vlaanderen;
3384;Attenrode;Vlaams-Brabant;Vlaanderen;
3390;Houwaart;Vlaams-Brabant;Vlaanderen;
3390;Sint-Joris-Winge;Vlaams-Brabant;Vlaanderen;
3390;Tielt;Vlaams-Brabant;Vlaanderen;
3390;Tielt-Winge;Vlaams-Brabant;Vlaanderen;
3391;Meensel-Kiezegem;Vlaams-Brabant;Vlaanderen;
3400;Eliksem;Vlaams-Brabant;Vlaanderen;
3400;Ezemaal;Vlaams-Brabant;Vlaanderen;
3400;Laar;Vlaams-Brabant;Vlaanderen;
3400;Landen;Vlaams-Brabant;Vlaanderen;
3400;Neerwinden;Vlaams-Brabant;Vlaanderen;
3400;Overwinden;Vlaams-Brabant;Vlaanderen;
3400;Rumsdorp;Vlaams-Brabant;Vlaanderen;
3400;Wange;Vlaams-Brabant;Vlaanderen;
3401;Waasmont;Vlaams-Brabant;Vlaanderen;
3401;Walsbets;Vlaams-Brabant;Vlaanderen;
3401;Walshoutem;Vlaams-Brabant;Vlaanderen;
3401;Wezeren;Vlaams-Brabant;Vlaanderen;
3404;Attenhoven;Vlaams-Brabant;Vlaanderen;
3404;Neerlanden;Vlaams-Brabant;Vlaanderen;
3440;Budingen;Vlaams-Brabant;Vlaanderen;
3440;Dormaal;Vlaams-Brabant;Vlaanderen;
3440;Halle-Booienhoven;Vlaams-Brabant;Vlaanderen;
3440;Helen-Bos;Vlaams-Brabant;Vlaanderen;
3440;Zoutleeuw;Vlaams-Brabant;Vlaanderen;
3450;Geetbets;Vlaams-Brabant;Vlaanderen;
3450;Grazen;Vlaams-Brabant;Vlaanderen;
3454;Rummen;Vlaams-Brabant;Vlaanderen;
3460;Assent;Vlaams-Brabant;Vlaanderen;
3460;Bekkevoort;Vlaams-Brabant;Vlaanderen;
3461;Molenbeek-Wersbeek;Vlaams-Brabant;Vlaanderen;
3470;Kortenaken;Vlaams-Brabant;Vlaanderen;
3470;Ransberg;Vlaams-Brabant;Vlaanderen;
3470;Sint-Margriete-Houtem;Vlaams-Brabant;Vlaanderen;
3471;Hoeleden;Vlaams-Brabant;Vlaanderen;
3472;Kersbeek-Miskom;Vlaams-Brabant;Vlaanderen;
3473;Waanrode;Vlaams-Brabant;Vlaanderen;
3500;Hasselt;Limburg;Vlaanderen;
3500;Sint-Lambrechts-Herk;Limburg;Vlaanderen;
3501;Wimmertingen;Limburg;Vlaanderen;
3510;Kermt;Limburg;Vlaanderen;
3510;Spalbeek;Limburg;Vlaanderen;
3511;Kuringen;Limburg;Vlaanderen;
3511;Stokrooie;Limburg;Vlaanderen;
3512;Stevoort;Limburg;Vlaanderen;
3520;Zonhoven;Limburg;Vlaanderen;
3530;Helchteren;Limburg;Vlaanderen;
3530;Houthalen;Limburg;Vlaanderen;
3530;Houthalen-Helchteren;Limburg;Vlaanderen;
3540;Berbroek;Limburg;Vlaanderen;
3540;Donk;Limburg;Vlaanderen;
3540;Herk-De-Stad;Limburg;Vlaanderen;
3540;Schulen;Limburg;Vlaanderen;
3545;Halen;Limburg;Vlaanderen;
3545;Loksbergen;Limburg;Vlaanderen;
3545;Zelem;Limburg;Vlaanderen;
3550;Heusden;Limburg;Vlaanderen;
3550;Heusden-Zolder;Limburg;Vlaanderen;
3550;Zolder;Limburg;Vlaanderen;
3560;Linkhout;Limburg;Vlaanderen;
3560;Lummen;Limburg;Vlaanderen;
3560;Meldert;Limburg;Vlaanderen;
3570;Alken;Limburg;Vlaanderen;
3580;Beringen;Limburg;Vlaanderen;
3581;Beverlo;Limburg;Vlaanderen;
3582;Koersel;Limburg;Vlaanderen;
3583;Paal;Limburg;Vlaanderen;
3590;Diepenbeek;Limburg;Vlaanderen;
3600;Genk;Limburg;Vlaanderen;
3620;Gellik;Limburg;Vlaanderen;
3620;Lanaken;Limburg;Vlaanderen;
3620;Neerharen;Limburg;Vlaanderen;
3620;Veldwezelt;Limburg;Vlaanderen;
3621;Rekem;Limburg;Vlaanderen;
3630;Eisden;Limburg;Vlaanderen;
3630;Leut;Limburg;Vlaanderen;
3630;Maasmechelen;Limburg;Vlaanderen;
3630;Mechelen-Aan-De-Maas;Limburg;Vlaanderen;
3630;Meeswijk;Limburg;Vlaanderen;
3630;Opgrimbie;Limburg;Vlaanderen;
3630;Vucht;Limburg;Vlaanderen;
3631;Boorsem;Limburg;Vlaanderen;
3631;Uikhoven;Limburg;Vlaanderen;
3640;Kessenich;Limburg;Vlaanderen;
3640;Kinrooi;Limburg;Vlaanderen;
3640;Molenbeersel;Limburg;Vlaanderen;
3640;Ophoven;Limburg;Vlaanderen;
3650;Dilsen;Limburg;Vlaanderen;
3650;Dilsen-Stokkem;Limburg;Vlaanderen;
3650;Elen;Limburg;Vlaanderen;
3650;Lanklaar;Limburg;Vlaanderen;
3650;Rotem;Limburg;Vlaanderen;
3650;Stokkem;Limburg;Vlaanderen;
3660;Opglabbeek;Limburg;Vlaanderen;
3665;As;Limburg;Vlaanderen;
3668;Niel-Bij-As;Limburg;Vlaanderen;
3670;Ellikom;Limburg;Vlaanderen;
3670;Gruitrode;Limburg;Vlaanderen;
3670;Meeuwen;Limburg;Vlaanderen;
3670;Meeuwen-Gruitrode;Limburg;Vlaanderen;
3670;Neerglabbeek;Limburg;Vlaanderen;
3670;Wijshagen;Limburg;Vlaanderen;
3680;Maaseik;Limburg;Vlaanderen;
3680;Neeroeteren;Limburg;Vlaanderen;
3680;Opoeteren;Limburg;Vlaanderen;
3690;Zutendaal;Limburg;Vlaanderen;
3700;'s Herenelderen;Limburg;Vlaanderen;
3700;Berg;Limburg;Vlaanderen;
3700;Diets-Heur;Limburg;Vlaanderen;
3700;Haren;Limburg;Vlaanderen;
3700;Henis;Limburg;Vlaanderen;
3700;Kolmont;Limburg;Vlaanderen;
3700;Koninksem;Limburg;Vlaanderen;
3700;Lauw;Limburg;Vlaanderen;
3700;Mal;Limburg;Vlaanderen;
3700;Neerrepen;Limburg;Vlaanderen;
3700;Nerem;Limburg;Vlaanderen;
3700;Overrepen;Limburg;Vlaanderen;
3700;Piringen;Limburg;Vlaanderen;
3700;Riksingen;Limburg;Vlaanderen;
3700;Rutten;Limburg;Vlaanderen;
3700;Sluizen;Limburg;Vlaanderen;
3700;Tongeren;Limburg;Vlaanderen;
3700;Vreren;Limburg;Vlaanderen;
3700;Widooie;Limburg;Vlaanderen;
3717;Herstappe;Limburg;Vlaanderen;
3720;Kortessem;Limburg;Vlaanderen;
3721;Vliermaalroot;Limburg;Vlaanderen;
3722;Wintershoven;Limburg;Vlaanderen;
3723;Guigoven;Limburg;Vlaanderen;
3724;Vliermaal;Limburg;Vlaanderen;
3730;Hoeselt;Limburg;Vlaanderen;
3730;Romershoven;Limburg;Vlaanderen;
3730;Sint-Huibrechts-Hern;Limburg;Vlaanderen;
3730;Werm;Limburg;Vlaanderen;
3732;Schalkhoven;Limburg;Vlaanderen;
3740;Beverst;Limburg;Vlaanderen;
3740;Bilzen;Limburg;Vlaanderen;
3740;Eigenbilzen;Limburg;Vlaanderen;
3740;Grote-Spouwen;Limburg;Vlaanderen;
3740;Hees;Limburg;Vlaanderen;
3740;Kleine-Spouwen;Limburg;Vlaanderen;
3740;Mopertingen;Limburg;Vlaanderen;
3740;Munsterbilzen;Limburg;Vlaanderen;
3740;Rijkhoven;Limburg;Vlaanderen;
3740;Rosmeer;Limburg;Vlaanderen;
3740;Waltwilder;Limburg;Vlaanderen;
3742;Martenslinde;Limburg;Vlaanderen;
3746;Hoelbeek;Limburg;Vlaanderen;
3770;Genoelselderen;Limburg;Vlaanderen;
3770;Herderen;Limburg;Vlaanderen;
3770;Kanne;Limburg;Vlaanderen;
3770;Membruggen;Limburg;Vlaanderen;
3770;Millen;Limburg;Vlaanderen;
3770;Riemst;Limburg;Vlaanderen;
3770;Val-Meer;Limburg;Vlaanderen;
3770;Vlijtingen;Limburg;Vlaanderen;
3770;Vroenhoven;Limburg;Vlaanderen;
3770;Zichen-Zussen-Bolder;Limburg;Vlaanderen;
3790;Fouron-Saint-Martin;Limburg;Vlaanderen;
3790;Fourons;Limburg;Vlaanderen;
3790;Mouland;Limburg;Vlaanderen;
3791;Remersdaal;Limburg;Vlaanderen;
3792;Fouron-Saint-Pierre;Limburg;Vlaanderen;
3793;Teuven;Limburg;Vlaanderen;
3798;Fouron-Le-Comte;Limburg;Vlaanderen;
3800;Aalst;Limburg;Vlaanderen;
3800;Brustem;Limburg;Vlaanderen;
3800;Engelmanshoven;Limburg;Vlaanderen;
3800;Gelinden;Limburg;Vlaanderen;
3800;Groot-Gelmen;Limburg;Vlaanderen;
3800;Halmaal;Limburg;Vlaanderen;
3800;Kerkom-Bij-Sint-Truiden;Limburg;Vlaanderen;
3800;Ordingen;Limburg;Vlaanderen;
3800;Sint-Truiden;Limburg;Vlaanderen;
3800;Zepperen;Limburg;Vlaanderen;
3803;Duras;Limburg;Vlaanderen;
3803;Gorsem;Limburg;Vlaanderen;
3803;Runkelen;Limburg;Vlaanderen;
3803;Wilderen;Limburg;Vlaanderen;
3806;Velm;Limburg;Vlaanderen;
3830;Berlingen;Limburg;Vlaanderen;
3830;Wellen;Limburg;Vlaanderen;
3831;Herten;Limburg;Vlaanderen;
3832;Ulbeek;Limburg;Vlaanderen;
3840;Bommershoven;Limburg;Vlaanderen;
3840;Borgloon;Limburg;Vlaanderen;
3840;Broekom;Limburg;Vlaanderen;
3840;Gors-Opleeuw;Limburg;Vlaanderen;
3840;Gotem;Limburg;Vlaanderen;
3840;Groot-Loon;Limburg;Vlaanderen;
3840;Haren;Limburg;Vlaanderen;
3840;Hendrieken;Limburg;Vlaanderen;
3840;Hoepertingen;Limburg;Vlaanderen;
3840;Jesseren;Limburg;Vlaanderen;
3840;Kerniel;Limburg;Vlaanderen;
3840;Kolmont;Limburg;Vlaanderen;
3840;Kuttekoven;Limburg;Vlaanderen;
3840;Rijkel;Limburg;Vlaanderen;
3840;Voort;Limburg;Vlaanderen;
3850;Binderveld;Limburg;Vlaanderen;
3850;Kozen;Limburg;Vlaanderen;
3850;Nieuwerkerken;Limburg;Vlaanderen;
3850;Wijer;Limburg;Vlaanderen;
3870;Batsheers;Limburg;Vlaanderen;
3870;Bovelingen;Limburg;Vlaanderen;
3870;Heers;Limburg;Vlaanderen;
3870;Heks;Limburg;Vlaanderen;
3870;Horpmaal;Limburg;Vlaanderen;
3870;Klein-Gelmen;Limburg;Vlaanderen;
3870;Mechelen-Bovelingen;Limburg;Vlaanderen;
3870;Mettekoven;Limburg;Vlaanderen;
3870;Opheers;Limburg;Vlaanderen;
3870;Rukkelingen-Loon;Limburg;Vlaanderen;
3870;Vechmaal;Limburg;Vlaanderen;
3870;Veulen;Limburg;Vlaanderen;
3890;Boekhout;Limburg;Vlaanderen;
3890;Gingelom;Limburg;Vlaanderen;
3890;Jeuk;Limburg;Vlaanderen;
3890;Kortijs;Limburg;Vlaanderen;
3890;Montenaken;Limburg;Vlaanderen;
3890;Niel-Bij-Sint-Truiden;Limburg;Vlaanderen;
3890;Vorsen;Limburg;Vlaanderen;
3891;Borlo;Limburg;Vlaanderen;
3891;Buvingen;Limburg;Vlaanderen;
3891;Mielen-Boven-Aalst;Limburg;Vlaanderen;
3891;Muizen;Limburg;Vlaanderen;
3900;Overpelt;Limburg;Vlaanderen;
3910;Neerpelt;Limburg;Vlaanderen;
3910;Sint-Huibrechts-Lille;Limburg;Vlaanderen;
3920;Lommel;Limburg;Vlaanderen;
3930;Achel;Limburg;Vlaanderen;
3930;Hamont;Limburg;Vlaanderen;
3930;Hamont-Achel;Limburg;Vlaanderen;
3940;Hechtel;Limburg;Vlaanderen;
3940;Hechtel-Eksel;Limburg;Vlaanderen;
3941;Eksel;Limburg;Vlaanderen;
3945;Ham;Limburg;Vlaanderen;
3945;Kwaadmechelen;Limburg;Vlaanderen;
3945;Oostham;Limburg;Vlaanderen;
3950;Bocholt;Limburg;Vlaanderen;
3950;Kaulille;Limburg;Vlaanderen;
3950;Reppel;Limburg;Vlaanderen;
3960;Beek;Limburg;Vlaanderen;
3960;Bree;Limburg;Vlaanderen;
3960;Gerdingen;Limburg;Vlaanderen;
3960;Opitter;Limburg;Vlaanderen;
3960;Tongerlo;Limburg;Vlaanderen;
3970;Leopoldsburg;Limburg;Vlaanderen;
3971;Heppen;Limburg;Vlaanderen;
3980;Tessenderlo;Limburg;Vlaanderen;
3990;Grote-Brogel;Limburg;Vlaanderen;
3990;Kleine-Brogel;Limburg;Vlaanderen;
3990;Peer;Limburg;Vlaanderen;
3990;Wijchmaal;Limburg;Vlaanderen;
4000;Glain;Liège;Wallonië;
4000;Liège;Liège;Wallonië;
4000;Rocourt;Liège;Wallonië;
4020;Bressoux;Liège;Wallonië;
4020;Jupille-Sur-Meuse;Liège;Wallonië;
4020;Liège;Liège;Wallonië;
4020;Wandre;Liège;Wallonië;
4030;Grivegnee;Liège;Wallonië;
4031;Angleur;Liège;Wallonië;
4032;Chênee;Liège;Wallonië;
4040;Herstal;Liège;Wallonië;
4041;Milmort;Liège;Wallonië;
4041;Vottem;Liège;Wallonië;
4042;Liers;Liège;Wallonië;
4050;Chaudfontaine;Liège;Wallonië;
4051;Vaux-Sous-Chèvremont;Liège;Wallonië;
4052;Beaufays;Liège;Wallonië;
4053;Embourg;Liège;Wallonië;
4100;Boncelles;Liège;Wallonië;
4100;Seraing;Liège;Wallonië;
4101;Jemeppe-Sur-Meuse;Liège;Wallonië;
4102;Ougrée;Liège;Wallonië;
4120;Ehein;Liège;Wallonië;
4120;Neupré;Liège;Wallonië;
4120;Rotheux-Rimière;Liège;Wallonië;
4121;Neuville-En-Condroz;Liège;Wallonië;
4122;Plainevaux;Liège;Wallonië;
4130;Esneux;Liège;Wallonië;
4130;Tilff;Liège;Wallonië;
4140;Dolembreux;Liège;Wallonië;
4140;Gomzé-Andoumont;Liège;Wallonië;
4140;Rouvreux;Liège;Wallonië;
4140;Sprimont;Liège;Wallonië;
4141;Louveigné;Liège;Wallonië;
4160;Anthisnes;Liège;Wallonië;
4161;Villers-Aux-Tours;Liège;Wallonië;
4162;Hody;Liège;Wallonië;
4163;Tavier;Liège;Wallonië;
4170;Comblain-Au-Pont;Liège;Wallonië;
4171;Poulseur;Liège;Wallonië;
4180;Comblain-Fairon;Liège;Wallonië;
4180;Comblain-La-Tour;Liège;Wallonië;
4180;Hamoir;Liège;Wallonië;
4181;Filot;Liège;Wallonië;
4190;Ferrières;Liège;Wallonië;
4190;My;Liège;Wallonië;
4190;Vieuxville;Liège;Wallonië;
4190;Werbomont;Liège;Wallonië;
4190;Xhoris;Liège;Wallonië;
4210;Burdinne;Liège;Wallonië;
4210;Hannêche;Liège;Wallonië;
4210;Lamontzée;Liège;Wallonië;
4210;Marneffe;Liège;Wallonië;
4210;Oteppe;Liège;Wallonië;
4217;Héron;Liège;Wallonië;
4217;Lavoir;Liège;Wallonië;
4217;Waret-L'evêque;Liège;Wallonië;
4218;Couthuin;Liège;Wallonië;
4219;Acosse;Liège;Wallonië;
4219;Ambresin;Liège;Wallonië;
4219;Meeffe;Liège;Wallonië;
4219;Wasseiges;Liège;Wallonië;
4250;Boëlhe;Liège;Wallonië;
4250;Geer;Liège;Wallonië;
4250;Hollogne-Sur-Geer;Liège;Wallonië;
4250;Lens-Saint-Servais;Liège;Wallonië;
4252;Omal;Liège;Wallonië;
4253;Darion;Liège;Wallonië;
4254;Ligney;Liège;Wallonië;
4257;Berloz;Liège;Wallonië;
4257;Corswarem;Liège;Wallonië;
4260;Avennes;Liège;Wallonië;
4260;Braives;Liège;Wallonië;
4260;Ciplet;Liège;Wallonië;
4260;Fallais;Liège;Wallonië;
4260;Fumal;Liège;Wallonië;
4260;Ville-En-Hesbaye;Liège;Wallonië;
4261;Latinne;Liège;Wallonië;
4263;Tourinne;Liège;Wallonië;
4280;Abolens;Liège;Wallonië;
4280;Avernas-Le-Bauduin;Liège;Wallonië;
4280;Avin;Liège;Wallonië;
4280;Bertrée;Liège;Wallonië;
4280;Blehen;Liège;Wallonië;
4280;Cras-Avernas;Liège;Wallonië;
4280;Crehen;Liège;Wallonië;
4280;Grand-Hallet;Liège;Wallonië;
4280;Hannut;Liège;Wallonië;
4280;Lens-Saint-Remy;Liège;Wallonië;
4280;Merdorp;Liège;Wallonië;
4280;Moxhe;Liège;Wallonië;
4280;Petit-Hallet;Liège;Wallonië;
4280;Poucet;Liège;Wallonië;
4280;Thisnes;Liège;Wallonië;
4280;Trognée;Liège;Wallonië;
4280;Villers-Le-Peuplier;Liège;Wallonië;
4280;Wansin;Liège;Wallonië;
4287;Lincent;Liège;Wallonië;
4287;Pellaines;Liège;Wallonië;
4287;Racour;Liège;Wallonië;
4300;Bettincourt;Liège;Wallonië;
4300;Bleret;Liège;Wallonië;
4300;Bovenistier;Liège;Wallonië;
4300;Grand-Axhe;Liège;Wallonië;
4300;Lantremange;Liège;Wallonië;
4300;Oleye;Liège;Wallonië;
4300;Waremme;Liège;Wallonië;
4317;Aineffe;Liège;Wallonië;
4317;Borlez;Liège;Wallonië;
4317;Celles;Liège;Wallonië;
4317;Faimes;Liège;Wallonië;
4317;Les Waleffes;Liège;Wallonië;
4317;Viemme;Liège;Wallonië;
4340;Awans;Liège;Wallonië;
4340;Fooz;Liège;Wallonië;
4340;Othée;Liège;Wallonië;
4340;Villers-L'evêque;Liège;Wallonië;
4342;Hognoul;Liège;Wallonië;
4347;Fexhe-Le-Haut-Clocher;Liège;Wallonië;
4347;Freloux;Liège;Wallonië;
4347;Noville;Liège;Wallonië;
4347;Roloux;Liège;Wallonië;
4347;Voroux-Goreux;Liège;Wallonië;
4350;Lamine;Liège;Wallonië;
4350;Momalle;Liège;Wallonië;
4350;Pousset;Liège;Wallonië;
4350;Remicourt;Liège;Wallonië;
4351;Hodeige;Liège;Wallonië;
4357;Donceel;Liège;Wallonië;
4357;Haneffe;Liège;Wallonië;
4357;Jeneffe;Liège;Wallonië;
4357;Limont;Liège;Wallonië;
4360;Bergilers;Liège;Wallonië;
4360;Grandville;Liège;Wallonië;
4360;Lens-Sur-Geer;Liège;Wallonië;
4360;Oreye;Liège;Wallonië;
4360;Otrange;Liège;Wallonië;
4367;Crisnée;Liège;Wallonië;
4367;Fize-Le-Marsal;Liège;Wallonië;
4367;Kemexhe;Liège;Wallonië;
4367;Odeur;Liège;Wallonië;
4367;Thys;Liège;Wallonië;
4400;Awirs;Liège;Wallonië;
4400;Chokier;Liège;Wallonië;
4400;Flémalle;Liège;Wallonië;
4400;Flémalle-Grande;Liège;Wallonië;
4400;Flémalle-Haute;Liège;Wallonië;
4400;Ivoz-Ramet;Liège;Wallonië;
4400;Mons-Lez-Liège;Liège;Wallonië;
4420;Montegnée;Liège;Wallonië;
4420;Saint-Nicolas;Liège;Wallonië;
4420;Tilleur;Liège;Wallonië;
4430;Ans;Liège;Wallonië;
4431;Loncin;Liège;Wallonië;
4432;Alleur;Liège;Wallonië;
4432;Xhendremael;Liège;Wallonië;
4450;Juprelle;Liège;Wallonië;
4450;Lantin;Liège;Wallonië;
4450;Slins;Liège;Wallonië;
4451;Voroux-Lez-Liers;Liège;Wallonië;
4452;Paifve;Liège;Wallonië;
4452;Wihogne;Liège;Wallonië;
4453;Villers-Saint-Siméon;Liège;Wallonië;
4458;Fexhe-Slins;Liège;Wallonië;
4460;Bierset;Liège;Wallonië;
4460;Grâce-Berleur;Liège;Wallonië;
4460;Grâce-Hollogne;Liège;Wallonië;
4460;Hollogne-Aux-Pierres;Liège;Wallonië;
4460;Horion-Hozémont;Liège;Wallonië;
4460;Velroux;Liège;Wallonië;
4470;Saint-Georges-Sur-Meuse;Liège;Wallonië;
4480;Clermont-Sous-Huy;Liège;Wallonië;
4480;Ehein;Liège;Wallonië;
4480;Engis;Liège;Wallonië;
4480;Hermalle-Sous-Huy;Liège;Wallonië;
4500;Ben-Ahin;Liège;Wallonië;
4500;Huy;Liège;Wallonië;
4500;Tihange;Liège;Wallonië;
4520;Antheit;Liège;Wallonië;
4520;Bas-Oha;Liège;Wallonië;
4520;Huccorgne;Liège;Wallonië;
4520;Moha;Liège;Wallonië;
4520;Vinalmont;Liège;Wallonië;
4520;Wanze;Liège;Wallonië;
4530;Fize-Fontaine;Liège;Wallonië;
4530;Vaux-Et-Borset;Liège;Wallonië;
4530;Vieux-Waleffe;Liège;Wallonië;
4530;Villers-Le-Bouillet;Liège;Wallonië;
4530;Warnant-Dreye;Liège;Wallonië;
4537;Bodegnée;Liège;Wallonië;
4537;Chapon-Seraing;Liège;Wallonië;
4537;Seraing-Le-Château;Liège;Wallonië;
4537;Verlaine;Liège;Wallonië;
4540;Amay;Liège;Wallonië;
4540;Ampsin;Liège;Wallonië;
4540;Flône;Liège;Wallonië;
4540;Jehay;Liège;Wallonië;
4540;Ombret;Liège;Wallonië;
4550;Nandrin;Liège;Wallonië;
4550;Saint-Séverin;Liège;Wallonië;
4550;Villers-Le-Temple;Liège;Wallonië;
4550;Yernée-Fraineux;Liège;Wallonië;
4557;Abée;Liège;Wallonië;
4557;Fraiture;Liège;Wallonië;
4557;Ramelot;Liège;Wallonië;
4557;Seny;Liège;Wallonië;
4557;Soheit-Tinlot;Liège;Wallonië;
4557;Tinlot;Liège;Wallonië;
4560;Bois-Et-Borsu;Liège;Wallonië;
4560;Clavier;Liège;Wallonië;
4560;Les Avins;Liège;Wallonië;
4560;Ocquier;Liège;Wallonië;
4560;Pailhe;Liège;Wallonië;
4560;Terwagne;Liège;Wallonië;
4570;Marchin;Liège;Wallonië;
4570;Vyle-Et-Tharoul;Liège;Wallonië;
4577;Modave;Liège;Wallonië;
4577;Outrelouxhe;Liège;Wallonië;
4577;Strée-Lez-Huy;Liège;Wallonië;
4577;Vierset-Barse;Liège;Wallonië;
4590;Ellemelle;Liège;Wallonië;
4590;Ouffet;Liège;Wallonië;
4590;Warzée;Liège;Wallonië;
4600;Lanaye;Liège;Wallonië;
4600;Lixhe;Liège;Wallonië;
4600;Richelle;Liège;Wallonië;
4600;Visé;Liège;Wallonië;
4601;Argenteau;Liège;Wallonië;
4602;Cheratte;Liège;Wallonië;
4606;Saint-André;Liège;Wallonië;
4607;Berneau;Liège;Wallonië;
4607;Bombaye;Liège;Wallonië;
4607;Dalhem;Liège;Wallonië;
4607;Feneur;Liège;Wallonië;
4607;Mortroux;Liège;Wallonië;
4608;Neufchâteau;Liège;Wallonië;
4608;Warsage;Liège;Wallonië;
4610;Bellaire;Liège;Wallonië;
4610;Beyne-Heusay;Liège;Wallonië;
4610;Queue-Du-Bois;Liège;Wallonië;
4620;Fléron;Liège;Wallonië;
4621;Retinne;Liège;Wallonië;
4623;Magnée;Liège;Wallonië;
4624;Romsée;Liège;Wallonië;
4630;Ayeneux;Liège;Wallonië;
4630;Micheroux;Liège;Wallonië;
4630;Soumagne;Liège;Wallonië;
4630;Tignée;Liège;Wallonië;
4631;Evegnée;Liège;Wallonië;
4632;Cérexhe-Heuseux;Liège;Wallonië;
4633;Melen;Liège;Wallonië;
4650;Chaineux;Liège;Wallonië;
4650;Grand-Rechain;Liège;Wallonië;
4650;Herve;Liège;Wallonië;
4650;Julémont;Liège;Wallonië;
4651;Battice;Liège;Wallonië;
4652;Xhendelesse;Liège;Wallonië;
4653;Bolland;Liège;Wallonië;
4654;Charneux;Liège;Wallonië;
4670;Blégny;Liège;Wallonië;
4670;Mortier;Liège;Wallonië;
4670;Trembleur;Liège;Wallonië;
4671;Barchon;Liège;Wallonië;
4671;Housse;Liège;Wallonië;
4671;Saive;Liège;Wallonië;
4672;Saint-Remy;Liège;Wallonië;
4680;Hermée;Liège;Wallonië;
4680;Oupeye;Liège;Wallonië;
4681;Hermalle-Sous-Argenteau;Liège;Wallonië;
4682;Heure-Le-Romain;Liège;Wallonië;
4682;Houtain-Saint-Siméon;Liège;Wallonië;
4683;Vivegnis;Liège;Wallonië;
4684;Haccourt;Liège;Wallonië;
4690;Bassenge;Liège;Wallonië;
4690;Boirs;Liège;Wallonië;
4690;Eben-Emael;Liège;Wallonië;
4690;Glons;Liège;Wallonië;
4690;Roclenge-Sur-Geer;Liège;Wallonië;
4690;Wonck;Liège;Wallonië;
4700;Eupen;Liège;Wallonië;
4701;Kettenis;Liège;Wallonië;
4710;Lontzen;Liège;Wallonië;
4711;Walhorn;Liège;Wallonië;
4720;La Calamine;Liège;Wallonië;
4721;Neu-Moresnet;Liège;Wallonië;
4728;Hergenrath;Liège;Wallonië;
4730;Hauset;Liège;Wallonië;
4730;Raeren;Liège;Wallonië;
4731;Eynatten;Liège;Wallonië;
4750;Butgenbach;Liège;Wallonië;
4750;Elsenborn;Liège;Wallonië;
4760;Bullange;Liège;Wallonië;
4760;Manderfeld;Liège;Wallonië;
4761;Rocherath;Liège;Wallonië;
4770;Amblève;Liège;Wallonië;
4770;Meyerode;Liège;Wallonië;
4771;Heppenbach;Liège;Wallonië;
4780;Recht;Liège;Wallonië;
4780;Saint-Vith;Liège;Wallonië;
4782;Schoenberg;Liège;Wallonië;
4783;Lommersweiler;Liège;Wallonië;
4784;Crombach;Liège;Wallonië;
4790;Burg-Reuland;Liège;Wallonië;
4790;Reuland;Liège;Wallonië;
4791;Thommen;Liège;Wallonië;
4800;Ensival;Liège;Wallonië;
4800;Lambermont;Liège;Wallonië;
4800;Petit-Rechain;Liège;Wallonië;
4800;Polleur;Liège;Wallonië;
4800;Verviers;Liège;Wallonië;
4801;Stembert;Liège;Wallonië;
4802;Heusy;Liège;Wallonië;
4820;Dison;Liège;Wallonië;
4821;Andrimont;Liège;Wallonië;
4830;Limbourg;Liège;Wallonië;
4831;Bilstain;Liège;Wallonië;
4834;Goé;Liège;Wallonië;
4837;Baelen;Liège;Wallonië;
4837;Membach;Liège;Wallonië;
4840;Welkenraedt;Liège;Wallonië;
4841;Henri-Chapelle;Liège;Wallonië;
4845;Jalhay;Liège;Wallonië;
4845;Sart-Lez-Spa;Liège;Wallonië;
4850;Montzen;Liège;Wallonië;
4850;Moresnet;Liège;Wallonië;
4850;Plombières;Liège;Wallonië;
4851;Gemmenich;Liège;Wallonië;
4851;Sippenaeken;Liège;Wallonië;
4852;Hombourg;Liège;Wallonië;
4860;Cornesse;Liège;Wallonië;
4860;Pepinster;Liège;Wallonië;
4860;Wegnez;Liège;Wallonië;
4861;Soiron;Liège;Wallonië;
4870;Forêt;Liège;Wallonië;
4870;Fraipont;Liège;Wallonië;
4870;Nessonvaux;Liège;Wallonië;
4870;Trooz;Liège;Wallonië;
4877;Olne;Liège;Wallonië;
4880;Aubel;Liège;Wallonië;
4890;Clermont;Liège;Wallonië;
4890;Thimister;Liège;Wallonië;
4890;Thimister-Clermont;Liège;Wallonië;
4900;Spa;Liège;Wallonië;
4910;La Reid;Liège;Wallonië;
4910;Polleur;Liège;Wallonië;
4910;Theux;Liège;Wallonië;
4920;Aywaille;Liège;Wallonië;
4920;Ernonheid;Liège;Wallonië;
4920;Harzé;Liège;Wallonië;
4920;Louveigné;Liège;Wallonië;
4950;Faymonville;Liège;Wallonië;
4950;Robertville;Liège;Wallonië;
4950;Sourbrodt;Liège;Wallonië;
4950;Waimes;Liège;Wallonië;
4960;Bevercé;Liège;Wallonië;
4960;Malmedy;Liège;Wallonië;
4970;Francorchamps;Liège;Wallonië;
4970;Stavelot;Liège;Wallonië;
4980;Fosse;Liège;Wallonië;
4980;Trois-Ponts;Liège;Wallonië;
4980;Wanne;Liège;Wallonië;
4983;Basse-Bodeux;Liège;Wallonië;
4987;Chevron;Liège;Wallonië;
4987;La Gleize;Liège;Wallonië;
4987;Lorcé;Liège;Wallonië;
4987;Rahier;Liège;Wallonië;
4987;Stoumont;Liège;Wallonië;
4990;Arbrefontaine;Liège;Wallonië;
4990;Bra;Liège;Wallonië;
4990;Lierneux;Liège;Wallonië;
5000;Beez;Namur;Wallonië;
5000;Namur;Namur;Wallonië;
5001;Belgrade;Namur;Wallonië;
5002;Saint-Servais;Namur;Wallonië;
5003;Saint-Marc;Namur;Wallonië;
5004;Bouge;Namur;Wallonië;
5020;Champion;Namur;Wallonië;
5020;Daussoulx;Namur;Wallonië;
5020;Flawinne;Namur;Wallonië;
5020;Malonne;Namur;Wallonië;
5020;Suarlée;Namur;Wallonië;
5020;Temploux;Namur;Wallonië;
5020;Vedrin;Namur;Wallonië;
5021;Boninne;Namur;Wallonië;
5022;Cognelée;Namur;Wallonië;
5024;Gelbressée;Namur;Wallonië;
5024;Marche-Les-Dames;Namur;Wallonië;
5030;Beuzet;Namur;Wallonië;
5030;Ernage;Namur;Wallonië;
5030;Gembloux;Namur;Wallonië;
5030;Grand-Manil;Namur;Wallonië;
5030;Lonzée;Namur;Wallonië;
5030;Sauvenière;Namur;Wallonië;
5031;Grand-Leez;Namur;Wallonië;
5032;Bossière;Namur;Wallonië;
5032;Bothey;Namur;Wallonië;
5032;Corroy-Le-Château;Namur;Wallonië;
5032;Isnes;Namur;Wallonië;
5032;Mazy;Namur;Wallonië;
5060;Arsimont;Namur;Wallonië;
5060;Auvelais;Namur;Wallonië;
5060;Falisolle;Namur;Wallonië;
5060;Keumiée;Namur;Wallonië;
5060;Moignelée;Namur;Wallonië;
5060;Sambreville;Namur;Wallonië;
5060;Tamines;Namur;Wallonië;
5060;Velaine-Sur-Sambre;Namur;Wallonië;
5070;Aisemont;Namur;Wallonië;
5070;Fosses-La-Ville;Namur;Wallonië;
5070;Le Roux;Namur;Wallonië;
5070;Sart-Eustache;Namur;Wallonië;
5070;Sart-Saint-Laurent;Namur;Wallonië;
5070;Vitrival;Namur;Wallonië;
5080;Emines;Namur;Wallonië;
5080;La Bruyère;Namur;Wallonië;
5080;Rhisnes;Namur;Wallonië;
5080;Villers-Lez-Heest;Namur;Wallonië;
5080;Warisoulx;Namur;Wallonië;
5081;Bovesse;Namur;Wallonië;
5081;Meux;Namur;Wallonië;
5100;Dave;Namur;Wallonië;
5100;Jambes;Namur;Wallonië;
5100;Naninne;Namur;Wallonië;
5100;Wépion;Namur;Wallonië;
5100;Wierde;Namur;Wallonië;
5101;Erpent;Namur;Wallonië;
5101;Lives-Sur-Meuse;Namur;Wallonië;
5101;Loyers;Namur;Wallonië;
5140;Boignée;Namur;Wallonië;
5140;Ligny;Namur;Wallonië;
5140;Sombreffe;Namur;Wallonië;
5140;Tongrinne;Namur;Wallonië;
5150;Floreffe;Namur;Wallonië;
5150;Floriffoux;Namur;Wallonië;
5150;Franière;Namur;Wallonië;
5150;Soye;Namur;Wallonië;
5170;Arbre;Namur;Wallonië;
5170;Bois-De-Villers;Namur;Wallonië;
5170;Lesve;Namur;Wallonië;
5170;Lustin;Namur;Wallonië;
5170;Profondeville;Namur;Wallonië;
5170;Rivière;Namur;Wallonië;
5190;Balâtre;Namur;Wallonië;
5190;Ham-Sur-Sambre;Namur;Wallonië;
5190;Jemeppe-Sur-Sambre;Namur;Wallonië;
5190;Mornimont;Namur;Wallonië;
5190;Moustier-Sur-Sambre;Namur;Wallonië;
5190;Onoz;Namur;Wallonië;
5190;Saint-Martin;Namur;Wallonië;
5190;Spy;Namur;Wallonië;
5300;Andenne;Namur;Wallonië;
5300;Bonneville;Namur;Wallonië;
5300;Coutisse;Namur;Wallonië;
5300;Landenne;Namur;Wallonië;
5300;Maizeret;Namur;Wallonië;
5300;Namêche;Namur;Wallonië;
5300;Sclayn;Namur;Wallonië;
5300;Seilles;Namur;Wallonië;
5300;Thon;Namur;Wallonië;
5300;Vezin;Namur;Wallonië;
5310;Aische-En-Refail;Namur;Wallonië;
5310;Bolinne;Namur;Wallonië;
5310;Boneffe;Namur;Wallonië;
5310;Branchon;Namur;Wallonië;
5310;Dhuy;Namur;Wallonië;
5310;Eghezée;Namur;Wallonië;
5310;Hanret;Namur;Wallonië;
5310;Leuze;Namur;Wallonië;
5310;Liernu;Namur;Wallonië;
5310;Longchamps;Namur;Wallonië;
5310;Mehaigne;Namur;Wallonië;
5310;Noville-Sur-Méhaigne;Namur;Wallonië;
5310;Saint-Germain;Namur;Wallonië;
5310;Taviers;Namur;Wallonië;
5310;Upigny;Namur;Wallonië;
5310;Waret-La-Chaussée;Namur;Wallonië;
5330;Assesse;Namur;Wallonië;
5330;Maillen;Namur;Wallonië;
5330;Sart-Bernard;Namur;Wallonië;
5332;Crupet;Namur;Wallonië;
5333;Sorinne-La-Longue;Namur;Wallonië;
5334;Florée;Namur;Wallonië;
5336;Courrière;Namur;Wallonië;
5340;Faulx-Les-Tombes;Namur;Wallonië;
5340;Gesves;Namur;Wallonië;
5340;Haltinne;Namur;Wallonië;
5340;Mozet;Namur;Wallonië;
5340;Sorée;Namur;Wallonië;
5350;Evelette;Namur;Wallonië;
5350;Ohey;Namur;Wallonië;
5351;Haillot;Namur;Wallonië;
5353;Goesnes;Namur;Wallonië;
5354;Jallet;Namur;Wallonië;
5360;Hamois;Namur;Wallonië;
5360;Natoye;Namur;Wallonië;
5361;Mohiville;Namur;Wallonië;
5361;Scy;Namur;Wallonië;
5362;Achet;Namur;Wallonië;
5363;Emptinne;Namur;Wallonië;
5364;Schaltin;Namur;Wallonië;
5370;Barvaux-Condroz;Namur;Wallonië;
5370;Flostoy;Namur;Wallonië;
5370;Havelange;Namur;Wallonië;
5370;Jeneffe;Namur;Wallonië;
5370;Porcheresse;Namur;Wallonië;
5370;Verlée;Namur;Wallonië;
5372;Méan;Namur;Wallonië;
5374;Maffe;Namur;Wallonië;
5376;Miécret;Namur;Wallonië;
5377;Baillonville;Namur;Wallonië;
5377;Bonsin;Namur;Wallonië;
5377;Heure;Namur;Wallonië;
5377;Hogne;Namur;Wallonië;
5377;Nettinne;Namur;Wallonië;
5377;Noiseux;Namur;Wallonië;
5377;Sinsin;Namur;Wallonië;
5377;Somme-Leuze;Namur;Wallonië;
5377;Waillet;Namur;Wallonië;
5380;Bierwart;Namur;Wallonië;
5380;Cortil-Wodon;Namur;Wallonië;
5380;Fernelmont;Namur;Wallonië;
5380;Forville;Namur;Wallonië;
5380;Franc-Waret;Namur;Wallonië;
5380;Hemptinne;Namur;Wallonië;
5380;Hingeon;Namur;Wallonië;
5380;Marchovelette;Namur;Wallonië;
5380;Noville-Les-Bois;Namur;Wallonië;
5380;Pontillas;Namur;Wallonië;
5380;Tillier;Namur;Wallonië;
5500;Anseremme;Namur;Wallonië;
5500;Bouvignes-Sur-Meuse;Namur;Wallonië;
5500;Dinant;Namur;Wallonië;
5500;Dréhance;Namur;Wallonië;
5500;Falmagne;Namur;Wallonië;
5500;Falmignoul;Namur;Wallonië;
5500;Furfooz;Namur;Wallonië;
5501;Lisogne;Namur;Wallonië;
5502;Thynes;Namur;Wallonië;
5503;Sorinnes;Namur;Wallonië;
5504;Foy-Notre-Dame;Namur;Wallonië;
5520;Anthée;Namur;Wallonië;
5520;Onhaye;Namur;Wallonië;
5521;Serville;Namur;Wallonië;
5522;Falaen;Namur;Wallonië;
5523;Sommière;Namur;Wallonië;
5523;Weillen;Namur;Wallonië;
5524;Gerin;Namur;Wallonië;
5530;Dorinne;Namur;Wallonië;
5530;Durnal;Namur;Wallonië;
5530;Evrehailles;Namur;Wallonië;
5530;Godinne;Namur;Wallonië;
5530;Houx;Namur;Wallonië;
5530;Mont;Namur;Wallonië;
5530;Purnode;Namur;Wallonië;
5530;Spontin;Namur;Wallonië;
5530;Yvoir;Namur;Wallonië;
5537;Anhée;Namur;Wallonië;
5537;Annevoie-Rouillon;Namur;Wallonië;
5537;Bioul;Namur;Wallonië;
5537;Denée;Namur;Wallonië;
5537;Haut-Le-Wastia;Namur;Wallonië;
5537;Sosoye;Namur;Wallonië;
5537;Warnant;Namur;Wallonië;
5540;Hastière;Namur;Wallonië;
5540;Hastière-Lavaux;Namur;Wallonië;
5540;Hermeton-Sur-Meuse;Namur;Wallonië;
5540;Waulsort;Namur;Wallonië;
5541;Hastière-Par-Delà;Namur;Wallonië;
5542;Blaimont;Namur;Wallonië;
5543;Heer;Namur;Wallonië;
5544;Agimont;Namur;Wallonië;
5550;Alle;Namur;Wallonië;
5550;Bagimont;Namur;Wallonië;
5550;Bohan;Namur;Wallonië;
5550;Chairière;Namur;Wallonië;
5550;Laforet;Namur;Wallonië;
5550;Membre;Namur;Wallonië;
5550;Mouzaive;Namur;Wallonië;
5550;Nafraiture;Namur;Wallonië;
5550;Orchimont;Namur;Wallonië;
5550;Pussemange;Namur;Wallonië;
5550;Sugny;Namur;Wallonië;
5550;Vresse-Sur-Semois;Namur;Wallonië;
5555;Baillamont;Namur;Wallonië;
5555;Bellefontaine;Namur;Wallonië;
5555;Bièvre;Namur;Wallonië;
5555;Cornimont;Namur;Wallonië;
5555;Graide;Namur;Wallonië;
5555;Gros-Fays;Namur;Wallonië;
5555;Monceau-En-Ardenne;Namur;Wallonië;
5555;Naomé;Namur;Wallonië;
5555;Oizy;Namur;Wallonië;
5555;Petit-Fays;Namur;Wallonië;
5560;Ciergnon;Namur;Wallonië;
5560;Finnevaux;Namur;Wallonië;
5560;Houyet;Namur;Wallonië;
5560;Hulsonniaux;Namur;Wallonië;
5560;Mesnil-Eglise;Namur;Wallonië;
5560;Mesnil-Saint-Blaise;Namur;Wallonië;
5561;Celles;Namur;Wallonië;
5562;Custinne;Namur;Wallonië;
5563;Hour;Namur;Wallonië;
5564;Wanlin;Namur;Wallonië;
5570;Baronville;Namur;Wallonië;
5570;Beauraing;Namur;Wallonië;
5570;Dion;Namur;Wallonië;
5570;Felenne;Namur;Wallonië;
5570;Feschaux;Namur;Wallonië;
5570;Honnay;Namur;Wallonië;
5570;Javingue;Namur;Wallonië;
5570;Vonêche;Namur;Wallonië;
5570;Wancennes;Namur;Wallonië;
5570;Winenne;Namur;Wallonië;
5571;Wiesme;Namur;Wallonië;
5572;Focant;Namur;Wallonië;
5573;Martouzin-Neuville;Namur;Wallonië;
5574;Pondrôme;Namur;Wallonië;
5575;Bourseigne-Neuve;Namur;Wallonië;
5575;Bourseigne-Vieille;Namur;Wallonië;
5575;Gedinne;Namur;Wallonië;
5575;Houdremont;Namur;Wallonië;
5575;Louette-Saint-Denis;Namur;Wallonië;
5575;Louette-Saint-Pierre;Namur;Wallonië;
5575;Malvoisin;Namur;Wallonië;
5575;Patignies;Namur;Wallonië;
5575;Rienne;Namur;Wallonië;
5575;Sart-Custinne;Namur;Wallonië;
5575;Vencimont;Namur;Wallonië;
5575;Willerzie;Namur;Wallonië;
5576;Froidfontaine;Namur;Wallonië;
5580;Ave-Et-Auffe;Namur;Wallonië;
5580;Buissonville;Namur;Wallonië;
5580;Eprave;Namur;Wallonië;
5580;Han-Sur-Lesse;Namur;Wallonië;
5580;Jemelle;Namur;Wallonië;
5580;Lessive;Namur;Wallonië;
5580;Mont-Gauthier;Namur;Wallonië;
5580;Rochefort;Namur;Wallonië;
5580;Villers-Sur-Lesse;Namur;Wallonië;
5580;Wavreille;Namur;Wallonië;
5590;Achêne;Namur;Wallonië;
5590;Braibant;Namur;Wallonië;
5590;Chevetogne;Namur;Wallonië;
5590;Ciney;Namur;Wallonië;
5590;Conneux;Namur;Wallonië;
5590;Haversin;Namur;Wallonië;
5590;Leignon;Namur;Wallonië;
5590;Pessoux;Namur;Wallonië;
5590;Serinchamps;Namur;Wallonië;
5590;Sovet;Namur;Wallonië;
5600;Fagnolle;Namur;Wallonië;
5600;Franchimont;Namur;Wallonië;
5600;Jamagne;Namur;Wallonië;
5600;Jamiolle;Namur;Wallonië;
5600;Merlemont;Namur;Wallonië;
5600;Neuville;Namur;Wallonië;
5600;Omezée;Namur;Wallonië;
5600;Philippeville;Namur;Wallonië;
5600;Roly;Namur;Wallonië;
5600;Romedenne;Namur;Wallonië;
5600;Samart;Namur;Wallonië;
5600;Sart-En-Fagne;Namur;Wallonië;
5600;Sautour;Namur;Wallonië;
5600;Surice;Namur;Wallonië;
5600;Villers-En-Fagne;Namur;Wallonië;
5600;Villers-Le-Gambon;Namur;Wallonië;
5600;Vodecée;Namur;Wallonië;
5620;Corenne;Namur;Wallonië;
5620;Flavion;Namur;Wallonië;
5620;Florennes;Namur;Wallonië;
5620;Hemptinne-Lez-Florennes;Namur;Wallonië;
5620;Morville;Namur;Wallonië;
5620;Rosée;Namur;Wallonië;
5620;Saint-Aubin;Namur;Wallonië;
5621;Hanzinelle;Namur;Wallonië;
5621;Hanzinne;Namur;Wallonië;
5621;Morialmé;Namur;Wallonië;
5630;Cerfontaine;Namur;Wallonië;
5630;Daussois;Namur;Wallonië;
5630;Senzeille;Namur;Wallonië;
5630;Silenrieux;Namur;Wallonië;
5630;Soumoy;Namur;Wallonië;
5630;Villers-Deux-Eglises;Namur;Wallonië;
5640;Biesme;Namur;Wallonië;
5640;Biesmerée;Namur;Wallonië;
5640;Graux;Namur;Wallonië;
5640;Mettet;Namur;Wallonië;
5640;Oret;Namur;Wallonië;
5640;Saint-Gérard;Namur;Wallonië;
5641;Furnaux;Namur;Wallonië;
5644;Ermeton-Sur-Biert;Namur;Wallonië;
5646;Stave;Namur;Wallonië;
5650;Castillon;Namur;Wallonië;
5650;Chastrès;Namur;Wallonië;
5650;Clermont;Namur;Wallonië;
5650;Fontenelle;Namur;Wallonië;
5650;Fraire;Namur;Wallonië;
5650;Pry;Namur;Wallonië;
5650;Vogenée;Namur;Wallonië;
5650;Walcourt;Namur;Wallonië;
5650;Yves-Gomezée;Namur;Wallonië;
5651;Berzée;Namur;Wallonië;
5651;Gourdinne;Namur;Wallonië;
5651;Laneffe;Namur;Wallonië;
5651;Rognée;Namur;Wallonië;
5651;Somzée;Namur;Wallonië;
5651;Tarcienne;Namur;Wallonië;
5651;Thy-Le-Château;Namur;Wallonië;
5660;Aublain;Namur;Wallonië;
5660;Boussu-En-Fagne;Namur;Wallonië;
5660;Brûly;Namur;Wallonië;
5660;Brûly-De-Pesche;Namur;Wallonië;
5660;Couvin;Namur;Wallonië;
5660;Cul-Des-Sarts;Namur;Wallonië;
5660;Dailly;Namur;Wallonië;
5660;Frasnes;Namur;Wallonië;
5660;Gonrieux;Namur;Wallonië;
5660;Mariembourg;Namur;Wallonië;
5660;Pesche;Namur;Wallonië;
5660;Petigny;Namur;Wallonië;
5660;Petite-Chapelle;Namur;Wallonië;
5660;Presgaux;Namur;Wallonië;
5670;Dourbes;Namur;Wallonië;
5670;Le Mesnil;Namur;Wallonië;
5670;Mazée;Namur;Wallonië;
5670;Nismes;Namur;Wallonië;
5670;Oignies-En-Thiérache;Namur;Wallonië;
5670;Olloy-Sur-Viroin;Namur;Wallonië;
5670;Treignes;Namur;Wallonië;
5670;Vierves-Sur-Viroin;Namur;Wallonië;
5670;Viroinval;Namur;Wallonië;
5680;Doische;Namur;Wallonië;
5680;Gimnée;Namur;Wallonië;
5680;Gochenée;Namur;Wallonië;
5680;Matagne-La-Grande;Namur;Wallonië;
5680;Matagne-La-Petite;Namur;Wallonië;
5680;Niverlée;Namur;Wallonië;
5680;Romerée;Namur;Wallonië;
5680;Soulme;Namur;Wallonië;
5680;Vaucelles;Namur;Wallonië;
5680;Vodelée;Namur;Wallonië;
6000;Charleroi;Hainaut;Wallonië;
6001;Marcinelle;Hainaut;Wallonië;
6010;Couillet;Hainaut;Wallonië;
6020;Dampremy;Hainaut;Wallonië;
6030;Goutroux;Hainaut;Wallonië;
6030;Marchienne-Au-Pont;Hainaut;Wallonië;
6031;Monceau-Sur-Sambre;Hainaut;Wallonië;
6032;Mont-Sur-Marchienne;Hainaut;Wallonië;
6040;Jumet;Hainaut;Wallonië;
6041;Gosselies;Hainaut;Wallonië;
6042;Lodelinsart;Hainaut;Wallonië;
6043;Ransart;Hainaut;Wallonië;
6044;Roux;Hainaut;Wallonië;
6060;Gilly;Hainaut;Wallonië;
6061;Montignies-Sur-Sambre;Hainaut;Wallonië;
6110;Montigny-Le-Tilleul;Hainaut;Wallonië;
6111;Landelies;Hainaut;Wallonië;
6120;Cour-Sur-Heure;Hainaut;Wallonië;
6120;Ham-Sur-Heure;Hainaut;Wallonië;
6120;Jamioulx;Hainaut;Wallonië;
6120;Marbaix;Hainaut;Wallonië;
6120;Nalinnes;Hainaut;Wallonië;
6140;Fontaine-L'evêque;Hainaut;Wallonië;
6141;Forchies-La-Marche;Hainaut;Wallonië;
6142;Leernes;Hainaut;Wallonië;
6150;Anderlues;Hainaut;Wallonië;
6180;Courcelles;Hainaut;Wallonië;
6181;Gouy-Lez-Piéton;Hainaut;Wallonië;
6182;Souvret;Hainaut;Wallonië;
6183;Trazegnies;Hainaut;Wallonië;
6200;Bouffioulx;Hainaut;Wallonië;
6200;Châtelet;Hainaut;Wallonië;
6200;Châtelineau;Hainaut;Wallonië;
6210;Frasnes-Lez-Gosselies;Hainaut;Wallonië;
6210;Les Bons Villers;Hainaut;Wallonië;
6210;Rèves;Hainaut;Wallonië;
6210;Villers-Perwin;Hainaut;Wallonië;
6210;Wayaux;Hainaut;Wallonië;
6211;Mellet;Hainaut;Wallonië;
6220;Fleurus;Hainaut;Wallonië;
6220;Heppignies;Hainaut;Wallonië;
6220;Lambusart;Hainaut;Wallonië;
6220;Wangenies;Hainaut;Wallonië;
6221;Saint-Amand;Hainaut;Wallonië;
6222;Brye;Hainaut;Wallonië;
6223;Wagnelée;Hainaut;Wallonië;
6224;Wanfercée-Baulet;Hainaut;Wallonië;
6230;Buzet;Hainaut;Wallonië;
6230;Obaix;Hainaut;Wallonië;
6230;Pont-À-Celles;Hainaut;Wallonië;
6230;Thiméon;Hainaut;Wallonië;
6230;Viesville;Hainaut;Wallonië;
6238;Liberchies;Hainaut;Wallonië;
6238;Luttre;Hainaut;Wallonië;
6240;Farciennes;Hainaut;Wallonië;
6240;Pironchamps;Hainaut;Wallonië;
6250;Aiseau;Hainaut;Wallonië;
6250;Aiseau-Presles;Hainaut;Wallonië;
6250;Pont-De-Loup;Hainaut;Wallonië;
6250;Presles;Hainaut;Wallonië;
6250;Roselies;Hainaut;Wallonië;
6280;Acoz;Hainaut;Wallonië;
6280;Gerpinnes;Hainaut;Wallonië;
6280;Gougnies;Hainaut;Wallonië;
6280;Joncret;Hainaut;Wallonië;
6280;Loverval;Hainaut;Wallonië;
6280;Villers-Poterie;Hainaut;Wallonië;
6440;Boussu-Lez-Walcourt;Hainaut;Wallonië;
6440;Fourbechies;Hainaut;Wallonië;
6440;Froidchapelle;Hainaut;Wallonië;
6440;Vergnies;Hainaut;Wallonië;
6441;Erpion;Hainaut;Wallonië;
6460;Bailièvre;Hainaut;Wallonië;
6460;Chimay;Hainaut;Wallonië;
6460;Robechies;Hainaut;Wallonië;
6460;Saint-Remy;Hainaut;Wallonië;
6460;Salles;Hainaut;Wallonië;
6460;Villers-La-Tour;Hainaut;Wallonië;
6461;Virelles;Hainaut;Wallonië;
6462;Vaulx-Lez-Chimay;Hainaut;Wallonië;
6463;Lompret;Hainaut;Wallonië;
6464;Baileux;Hainaut;Wallonië;
6464;Bourlers;Hainaut;Wallonië;
6464;Forges;Hainaut;Wallonië;
6464;L'escaillère;Hainaut;Wallonië;
6464;Rièzes;Hainaut;Wallonië;
6470;Grandrieu;Hainaut;Wallonië;
6470;Montbliart;Hainaut;Wallonië;
6470;Rance;Hainaut;Wallonië;
6470;Sautin;Hainaut;Wallonië;
6470;Sivry;Hainaut;Wallonië;
6470;Sivry-Rance;Hainaut;Wallonië;
6500;Barbençon;Hainaut;Wallonië;
6500;Beaumont;Hainaut;Wallonië;
6500;Leugnies;Hainaut;Wallonië;
6500;Leval-Chaudeville;Hainaut;Wallonië;
6500;Renlies;Hainaut;Wallonië;
6500;Solre-Saint-Géry;Hainaut;Wallonië;
6500;Thirimont;Hainaut;Wallonië;
6511;Strée;Hainaut;Wallonië;
6530;Leers-Et-Fosteau;Hainaut;Wallonië;
6530;Thuin;Hainaut;Wallonië;
6531;Biesme-Sous-Thuin;Hainaut;Wallonië;
6532;Ragnies;Hainaut;Wallonië;
6533;Biercée;Hainaut;Wallonië;
6534;Gozée;Hainaut;Wallonië;
6536;Donstiennes;Hainaut;Wallonië;
6536;Thuillies;Hainaut;Wallonië;
6540;Lobbes;Hainaut;Wallonië;
6540;Mont-Sainte-Geneviève;Hainaut;Wallonië;
6542;Sars-La-Buissière;Hainaut;Wallonië;
6543;Bienne-Lez-Happart;Hainaut;Wallonië;
6560;Bersillies-L'abbaye;Hainaut;Wallonië;
6560;Erquelinnes;Hainaut;Wallonië;
6560;Grand-Reng;Hainaut;Wallonië;
6560;Hantes-Wihéries;Hainaut;Wallonië;
6560;Montignies-Saint-Christophe;Hainaut;Wallonië;
6560;Solre-Sur-Sambre;Hainaut;Wallonië;
6567;Fontaine-Valmont;Hainaut;Wallonië;
6567;Labuissière;Hainaut;Wallonië;
6567;Merbes-Le-Château;Hainaut;Wallonië;
6567;Merbes-Sainte-Marie;Hainaut;Wallonië;
6590;Momignies;Hainaut;Wallonië;
6591;Macon;Hainaut;Wallonië;
6592;Monceau-Imbrechies;Hainaut;Wallonië;
6593;Macquenoise;Hainaut;Wallonië;
6594;Beauwelz;Hainaut;Wallonië;
6596;Forge-Philippe;Hainaut;Wallonië;
6596;Seloignes;Hainaut;Wallonië;
6600;Bastogne;Luxemburg;Wallonië;
6600;Longvilly;Luxemburg;Wallonië;
6600;Noville;Luxemburg;Wallonië;
6600;Villers-La-Bonne-Eau;Luxemburg;Wallonië;
6600;Wardin;Luxemburg;Wallonië;
6630;Martelange;Luxemburg;Wallonië;
6637;Fauvillers;Luxemburg;Wallonië;
6637;Hollange;Luxemburg;Wallonië;
6637;Tintange;Luxemburg;Wallonië;
6640;Hompré;Luxemburg;Wallonië;
6640;Morhet;Luxemburg;Wallonië;
6640;Nives;Luxemburg;Wallonië;
6640;Sibret;Luxemburg;Wallonië;
6640;Vaux-Lez-Rosières;Luxemburg;Wallonië;
6640;Vaux-Sur-Sûre;Luxemburg;Wallonië;
6642;Juseret;Luxemburg;Wallonië;
6660;Houffalize;Luxemburg;Wallonië;
6660;Nadrin;Luxemburg;Wallonië;
6661;Mont;Luxemburg;Wallonië;
6661;Tailles;Luxemburg;Wallonië;
6662;Tavigny;Luxemburg;Wallonië;
6663;Mabompré;Luxemburg;Wallonië;
6666;Wibrin;Luxemburg;Wallonië;
6670;Gouvy;Luxemburg;Wallonië;
6670;Limerlé;Luxemburg;Wallonië;
6671;Bovigny;Luxemburg;Wallonië;
6672;Beho;Luxemburg;Wallonië;
6673;Cherain;Luxemburg;Wallonië;
6674;Montleban;Luxemburg;Wallonië;
6680;Amberloup;Luxemburg;Wallonië;
6680;Sainte-Ode;Luxemburg;Wallonië;
6680;Tillet;Luxemburg;Wallonië;
6681;Lavacherie;Luxemburg;Wallonië;
6686;Flamierge;Luxemburg;Wallonië;
6687;Bertogne;Luxemburg;Wallonië;
6688;Longchamps;Luxemburg;Wallonië;
6690;Bihain;Luxemburg;Wallonië;
6690;Vielsalm;Luxemburg;Wallonië;
6692;Petit-Thier;Luxemburg;Wallonië;
6698;Grand-Halleux;Luxemburg;Wallonië;
6700;Arlon;Luxemburg;Wallonië;
6700;Bonnert;Luxemburg;Wallonië;
6700;Heinsch;Luxemburg;Wallonië;
6700;Toernich;Luxemburg;Wallonië;
6704;Guirsch;Luxemburg;Wallonië;
6706;Autelbas;Luxemburg;Wallonië;
6717;Attert;Luxemburg;Wallonië;
6717;Nobressart;Luxemburg;Wallonië;
6717;Nothomb;Luxemburg;Wallonië;
6717;Thiaumont;Luxemburg;Wallonië;
6717;Tontelange;Luxemburg;Wallonië;
6720;Habay;Luxemburg;Wallonië;
6720;Habay-La-Neuve;Luxemburg;Wallonië;
6720;Hachy;Luxemburg;Wallonië;
6721;Anlier;Luxemburg;Wallonië;
6723;Habay-La-Vieille;Luxemburg;Wallonië;
6724;Houdemont;Luxemburg;Wallonië;
6724;Rulles;Luxemburg;Wallonië;
6730;Bellefontaine;Luxemburg;Wallonië;
6730;Rossignol;Luxemburg;Wallonië;
6730;Saint-Vincent;Luxemburg;Wallonië;
6730;Tintigny;Luxemburg;Wallonië;
6740;Etalle;Luxemburg;Wallonië;
6740;Sainte-Marie-Sur-Semois;Luxemburg;Wallonië;
6740;Villers-Sur-Semois;Luxemburg;Wallonië;
6741;Vance;Luxemburg;Wallonië;
6742;Chantemelle;Luxemburg;Wallonië;
6743;Buzenol;Luxemburg;Wallonië;
6747;Châtillon;Luxemburg;Wallonië;
6747;Meix-Le-Tige;Luxemburg;Wallonië;
6747;Saint-Léger;Luxemburg;Wallonië;
6750;Musson;Luxemburg;Wallonië;
6750;Mussy-La-Ville;Luxemburg;Wallonië;
6750;Signeulx;Luxemburg;Wallonië;
6760;Bleid;Luxemburg;Wallonië;
6760;Ethe;Luxemburg;Wallonië;
6760;Ruette;Luxemburg;Wallonië;
6760;Virton;Luxemburg;Wallonië;
6761;Latour;Luxemburg;Wallonië;
6762;Saint-Mard;Luxemburg;Wallonië;
6767;Dampicourt;Luxemburg;Wallonië;
6767;Harnoncourt;Luxemburg;Wallonië;
6767;Lamorteau;Luxemburg;Wallonië;
6767;Rouvroy;Luxemburg;Wallonië;
6767;Torgny;Luxemburg;Wallonië;
6769;Gérouville;Luxemburg;Wallonië;
6769;Meix-Devant-Virton;Luxemburg;Wallonië;
6769;Robelmont;Luxemburg;Wallonië;
6769;Sommethonne;Luxemburg;Wallonië;
6769;Villers-La-Loue;Luxemburg;Wallonië;
6780;Hondelange;Luxemburg;Wallonië;
6780;Messancy;Luxemburg;Wallonië;
6780;Wolkrange;Luxemburg;Wallonië;
6781;Sélange;Luxemburg;Wallonië;
6782;Habergy;Luxemburg;Wallonië;
6790;Aubange;Luxemburg;Wallonië;
6791;Athus;Luxemburg;Wallonië;
6792;Halanzy;Luxemburg;Wallonië;
6792;Rachecourt;Luxemburg;Wallonië;
6800;Bras;Luxemburg;Wallonië;
6800;Freux;Luxemburg;Wallonië;
6800;Libramont-Chevigny;Luxemburg;Wallonië;
6800;Moircy;Luxemburg;Wallonië;
6800;Recogne;Luxemburg;Wallonië;
6800;Remagne;Luxemburg;Wallonië;
6800;Saint-Pierre;Luxemburg;Wallonië;
6800;Sainte-Marie-Chevigny;Luxemburg;Wallonië;
6810;Chiny;Luxemburg;Wallonië;
6810;Izel;Luxemburg;Wallonië;
6810;Jamoigne;Luxemburg;Wallonië;
6811;Les Bulles;Luxemburg;Wallonië;
6812;Suxy;Luxemburg;Wallonië;
6813;Termes;Luxemburg;Wallonië;
6820;Florenville;Luxemburg;Wallonië;
6820;Fontenoille;Luxemburg;Wallonië;
6820;Muno;Luxemburg;Wallonië;
6820;Sainte-Cécile;Luxemburg;Wallonië;
6821;Lacuisine;Luxemburg;Wallonië;
6823;Villers-Devant-Orval;Luxemburg;Wallonië;
6824;Chassepierre;Luxemburg;Wallonië;
6830;Bouillon;Luxemburg;Wallonië;
6830;Les Hayons;Luxemburg;Wallonië;
6830;Poupehan;Luxemburg;Wallonië;
6830;Rochehaut;Luxemburg;Wallonië;
6831;Noirfontaine;Luxemburg;Wallonië;
6832;Sensenruth;Luxemburg;Wallonië;
6833;Ucimont;Luxemburg;Wallonië;
6833;Vivy;Luxemburg;Wallonië;
6834;Bellevaux;Luxemburg;Wallonië;
6836;Dohan;Luxemburg;Wallonië;
6838;Corbion;Luxemburg;Wallonië;
6840;Grandvoir;Luxemburg;Wallonië;
6840;Grapfontaine;Luxemburg;Wallonië;
6840;Hamipré;Luxemburg;Wallonië;
6840;Longlier;Luxemburg;Wallonië;
6840;Neufchâteau;Luxemburg;Wallonië;
6840;Tournay;Luxemburg;Wallonië;
6850;Carlsbourg;Luxemburg;Wallonië;
6850;Offagne;Luxemburg;Wallonië;
6850;Paliseul;Luxemburg;Wallonië;
6851;Nollevaux;Luxemburg;Wallonië;
6852;Maissin;Luxemburg;Wallonië;
6852;Opont;Luxemburg;Wallonië;
6853;Framont;Luxemburg;Wallonië;
6856;Fays-Les-Veneurs;Luxemburg;Wallonië;
6860;Assenois;Luxemburg;Wallonië;
6860;Ebly;Luxemburg;Wallonië;
6860;Léglise;Luxemburg;Wallonië;
6860;Mellier;Luxemburg;Wallonië;
6860;Witry;Luxemburg;Wallonië;
6870;Arville;Luxemburg;Wallonië;
6870;Awenne;Luxemburg;Wallonië;
6870;Hatrival;Luxemburg;Wallonië;
6870;Mirwart;Luxemburg;Wallonië;
6870;Saint-Hubert;Luxemburg;Wallonië;
6870;Vesqueville;Luxemburg;Wallonië;
6880;Auby-Sur-Semois;Luxemburg;Wallonië;
6880;Bertrix;Luxemburg;Wallonië;
6880;Cugnon;Luxemburg;Wallonië;
6880;Jehonville;Luxemburg;Wallonië;
6880;Orgeo;Luxemburg;Wallonië;
6887;Herbeumont;Luxemburg;Wallonië;
6887;Saint-Médard;Luxemburg;Wallonië;
6887;Straimont;Luxemburg;Wallonië;
6890;Anloy;Luxemburg;Wallonië;
6890;Libin;Luxemburg;Wallonië;
6890;Ochamps;Luxemburg;Wallonië;
6890;Redu;Luxemburg;Wallonië;
6890;Smuid;Luxemburg;Wallonië;
6890;Transinne;Luxemburg;Wallonië;
6890;Villance;Luxemburg;Wallonië;
6900;Aye;Luxemburg;Wallonië;
6900;Hargimont;Luxemburg;Wallonië;
6900;Humain;Luxemburg;Wallonië;
6900;Marche-En-Famenne;Luxemburg;Wallonië;
6900;On;Luxemburg;Wallonië;
6900;Roy;Luxemburg;Wallonië;
6900;Waha;Luxemburg;Wallonië;
6920;Sohier;Luxemburg;Wallonië;
6920;Wellin;Luxemburg;Wallonië;
6921;Chanly;Luxemburg;Wallonië;
6922;Halma;Luxemburg;Wallonië;
6924;Lomprez;Luxemburg;Wallonië;
6927;Bure;Luxemburg;Wallonië;
6927;Grupont;Luxemburg;Wallonië;
6927;Resteigne;Luxemburg;Wallonië;
6927;Tellin;Luxemburg;Wallonië;
6929;Daverdisse;Luxemburg;Wallonië;
6929;Gembes;Luxemburg;Wallonië;
6929;Haut-Fays;Luxemburg;Wallonië;
6929;Porcheresse;Luxemburg;Wallonië;
6940;Durbuy;Luxemburg;Wallonië;
6940;Grandhan;Luxemburg;Wallonië;
6940;Septon;Luxemburg;Wallonië;
6940;Wéris;Luxemburg;Wallonië;
6941;Bende;Luxemburg;Wallonië;
6941;Bomal-Sur-Ourthe;Luxemburg;Wallonië;
6941;Borlon;Luxemburg;Wallonië;
6941;Heyd;Luxemburg;Wallonië;
6941;Izier;Luxemburg;Wallonië;
6941;Tohogne;Luxemburg;Wallonië;
6941;Villers-Sainte-Gertrude;Luxemburg;Wallonië;
6950;Harsin;Luxemburg;Wallonië;
6950;Nassogne;Luxemburg;Wallonië;
6951;Bande;Luxemburg;Wallonië;
6952;Grune;Luxemburg;Wallonië;
6953;Ambly;Luxemburg;Wallonië;
6953;Forrières;Luxemburg;Wallonië;
6953;Lesterny;Luxemburg;Wallonië;
6953;Masbourg;Luxemburg;Wallonië;
6960;Dochamps;Luxemburg;Wallonië;
6960;Grandmenil;Luxemburg;Wallonië;
6960;Harre;Luxemburg;Wallonië;
6960;Malempré;Luxemburg;Wallonië;
6960;Manhay;Luxemburg;Wallonië;
6960;Odeigne;Luxemburg;Wallonië;
6960;Vaux-Chavanne;Luxemburg;Wallonië;
6970;Tenneville;Luxemburg;Wallonië;
6971;Champlon;Luxemburg;Wallonië;
6972;Erneuville;Luxemburg;Wallonië;
6980;Beausaint;Luxemburg;Wallonië;
6980;La Roche-En-Ardenne;Luxemburg;Wallonië;
6982;Samrée;Luxemburg;Wallonië;
6983;Ortho;Luxemburg;Wallonië;
6984;Hives;Luxemburg;Wallonië;
6986;Halleux;Luxemburg;Wallonië;
6987;Beffe;Luxemburg;Wallonië;
6987;Hodister;Luxemburg;Wallonië;
6987;Marcourt;Luxemburg;Wallonië;
6987;Rendeux;Luxemburg;Wallonië;
6990;Fronville;Luxemburg;Wallonië;
6990;Hampteau;Luxemburg;Wallonië;
6990;Hotton;Luxemburg;Wallonië;
6990;Marenne;Luxemburg;Wallonië;
6997;Amonines;Luxemburg;Wallonië;
6997;Erezée;Luxemburg;Wallonië;
6997;Mormont;Luxemburg;Wallonië;
6997;Soy;Luxemburg;Wallonië;
7000;Mons;Hainaut;Wallonië;
7011;Ghlin;Hainaut;Wallonië;
7012;Flénu;Hainaut;Wallonië;
7012;Jemappes;Hainaut;Wallonië;
7020;Maisières;Hainaut;Wallonië;
7020;Nimy;Hainaut;Wallonië;
7021;Havre;Hainaut;Wallonië;
7022;Harmignies;Hainaut;Wallonië;
7022;Harveng;Hainaut;Wallonië;
7022;Hyon;Hainaut;Wallonië;
7022;Mesvin;Hainaut;Wallonië;
7022;Nouvelles;Hainaut;Wallonië;
7024;Ciply;Hainaut;Wallonië;
7030;Saint-Symphorien;Hainaut;Wallonië;
7031;Villers-Saint-Ghislain;Hainaut;Wallonië;
7032;Spiennes;Hainaut;Wallonië;
7033;Cuesmes;Hainaut;Wallonië;
7034;Obourg;Hainaut;Wallonië;
7034;Saint-Denis;Hainaut;Wallonië;
7040;Asquillies;Hainaut;Wallonië;
7040;Aulnois;Hainaut;Wallonië;
7040;Blaregnies;Hainaut;Wallonië;
7040;Bougnies;Hainaut;Wallonië;
7040;Genly;Hainaut;Wallonië;
7040;Goegnies-Chaussée;Hainaut;Wallonië;
7040;Quévy;Hainaut;Wallonië;
7040;Quévy-Le-Grand;Hainaut;Wallonië;
7040;Quévy-Le-Petit;Hainaut;Wallonië;
7041;Givry;Hainaut;Wallonië;
7041;Havay;Hainaut;Wallonië;
7050;Erbaut;Hainaut;Wallonië;
7050;Erbisoeul;Hainaut;Wallonië;
7050;Herchies;Hainaut;Wallonië;
7050;Jurbise;Hainaut;Wallonië;
7050;Masnuy-Saint-Jean;Hainaut;Wallonië;
7050;Masnuy-Saint-Pierre;Hainaut;Wallonië;
7060;Horrues;Hainaut;Wallonië;
7060;Soignies;Hainaut;Wallonië;
7061;Casteau;Hainaut;Wallonië;
7061;Thieusies;Hainaut;Wallonië;
7062;Naast;Hainaut;Wallonië;
7063;Chaussée-Notre-Dame-Louvignies;Hainaut;Wallonië;
7063;Neufvilles;Hainaut;Wallonië;
7070;Gottignies;Hainaut;Wallonië;
7070;Le Roeulx;Hainaut;Wallonië;
7070;Mignault;Hainaut;Wallonië;
7070;Thieu;Hainaut;Wallonië;
7070;Ville-Sur-Haine;Hainaut;Wallonië;
7080;Eugies;Hainaut;Wallonië;
7080;Frameries;Hainaut;Wallonië;
7080;La Bouverie;Hainaut;Wallonië;
7080;Noirchain;Hainaut;Wallonië;
7080;Sars-La-Bruyère;Hainaut;Wallonië;
7090;Braine-Le-Comte;Hainaut;Wallonië;
7090;Hennuyères;Hainaut;Wallonië;
7090;Henripont;Hainaut;Wallonië;
7090;Petit-Roeulx-Lez-Braine;Hainaut;Wallonië;
7090;Ronquières;Hainaut;Wallonië;
7090;Steenkerque;Hainaut;Wallonië;
7100;Haine-Saint-Paul;Hainaut;Wallonië;
7100;Haine-Saint-Pierre;Hainaut;Wallonië;
7100;La Louvière;Hainaut;Wallonië;
7100;Saint-Vaast;Hainaut;Wallonië;
7100;Trivières;Hainaut;Wallonië;
7110;Boussoit;Hainaut;Wallonië;
7110;Houdeng-Aimeries;Hainaut;Wallonië;
7110;Houdeng-Goegnies;Hainaut;Wallonië;
7110;Maurage;Hainaut;Wallonië;
7110;Strépy-Bracquegnies;Hainaut;Wallonië;
7120;Croix-Lez-Rouveroy;Hainaut;Wallonië;
7120;Estinnes;Hainaut;Wallonië;
7120;Estinnes-Au-Mont;Hainaut;Wallonië;
7120;Estinnes-Au-Val;Hainaut;Wallonië;
7120;Fauroeulx;Hainaut;Wallonië;
7120;Haulchin;Hainaut;Wallonië;
7120;Peissant;Hainaut;Wallonië;
7120;Rouveroy;Hainaut;Wallonië;
7120;Vellereille-Le-Sec;Hainaut;Wallonië;
7120;Vellereille-Les-Brayeux;Hainaut;Wallonië;
7130;Battignies;Hainaut;Wallonië;
7130;Binche;Hainaut;Wallonië;
7130;Bray;Hainaut;Wallonië;
7131;Waudrez;Hainaut;Wallonië;
7133;Buvrinnes;Hainaut;Wallonië;
7134;Epinois;Hainaut;Wallonië;
7134;Leval-Trahegnies;Hainaut;Wallonië;
7134;Péronnes-Lez-Binche;Hainaut;Wallonië;
7134;Ressaix;Hainaut;Wallonië;
7140;Morlanwelz;Hainaut;Wallonië;
7140;Morlanwelz-Mariemont;Hainaut;Wallonië;
7141;Carnières;Hainaut;Wallonië;
7141;Mont-Sainte-Aldegonde;Hainaut;Wallonië;
7160;Chapelle-Lez-Herlaimont;Hainaut;Wallonië;
7160;Godarville;Hainaut;Wallonië;
7160;Piéton;Hainaut;Wallonië;
7170;Bellecourt;Hainaut;Wallonië;
7170;Bois-D'haine;Hainaut;Wallonië;
7170;Fayt-Lez-Manage;Hainaut;Wallonië;
7170;La Hestre;Hainaut;Wallonië;
7170;Manage;Hainaut;Wallonië;
7180;Seneffe;Hainaut;Wallonië;
7181;Arquennes;Hainaut;Wallonië;
7181;Familleureux;Hainaut;Wallonië;
7181;Feluy;Hainaut;Wallonië;
7181;Petit-Roeulx-Lez-Nivelles;Hainaut;Wallonië;
7190;Ecaussinnes;Hainaut;Wallonië;
7190;Ecaussinnes-D'enghien;Hainaut;Wallonië;
7190;Marche-Lez-Ecaussinnes;Hainaut;Wallonië;
7191;Ecaussinnes-Lalaing;Hainaut;Wallonië;
7300;Boussu;Hainaut;Wallonië;
7301;Hornu;Hainaut;Wallonië;
7320;Bernissart;Hainaut;Wallonië;
7321;Blaton;Hainaut;Wallonië;
7321;Harchies;Hainaut;Wallonië;
7322;Pommeroeul;Hainaut;Wallonië;
7322;Ville-Pommeroeul;Hainaut;Wallonië;
7330;Saint-Ghislain;Hainaut;Wallonië;
7331;Baudour;Hainaut;Wallonië;
7332;Neufmaison;Hainaut;Wallonië;
7332;Sirault;Hainaut;Wallonië;
7333;Tertre;Hainaut;Wallonië;
7334;Hautrage;Hainaut;Wallonië;
7334;Villerot;Hainaut;Wallonië;
7340;Colfontaine;Hainaut;Wallonië;
7340;Paturages;Hainaut;Wallonië;
7340;Warquignies;Hainaut;Wallonië;
7340;Wasmes;Hainaut;Wallonië;
7350;Hainin;Hainaut;Wallonië;
7350;Hensies;Hainaut;Wallonië;
7350;Montroeul-Sur-Haine;Hainaut;Wallonië;
7350;Thulin;Hainaut;Wallonië;
7370;Blaugies;Hainaut;Wallonië;
7370;Dour;Hainaut;Wallonië;
7370;Elouges;Hainaut;Wallonië;
7370;Wihéries;Hainaut;Wallonië;
7380;Baisieux;Hainaut;Wallonië;
7380;Quiévrain;Hainaut;Wallonië;
7382;Audregnies;Hainaut;Wallonië;
7387;Angre;Hainaut;Wallonië;
7387;Angreau;Hainaut;Wallonië;
7387;Athis;Hainaut;Wallonië;
7387;Autreppe;Hainaut;Wallonië;
7387;Erquennes;Hainaut;Wallonië;
7387;Fayt-Le-Franc;Hainaut;Wallonië;
7387;Honnelles;Hainaut;Wallonië;
7387;Marchipont;Hainaut;Wallonië;
7387;Montignies-Sur-Roc;Hainaut;Wallonië;
7387;Onnezies;Hainaut;Wallonië;
7387;Roisin;Hainaut;Wallonië;
7390;Quaregnon;Hainaut;Wallonië;
7390;Wasmuel;Hainaut;Wallonië;
7500;Ere;Hainaut;Wallonië;
7500;Saint-Maur;Hainaut;Wallonië;
7500;Tournai;Hainaut;Wallonië;
7501;Orcq;Hainaut;Wallonië;
7502;Esplechin;Hainaut;Wallonië;
7503;Froyennes;Hainaut;Wallonië;
7504;Froidmont;Hainaut;Wallonië;
7506;Willemeau;Hainaut;Wallonië;
7520;Ramegnies-Chin;Hainaut;Wallonië;
7520;Templeuve;Hainaut;Wallonië;
7521;Chercq;Hainaut;Wallonië;
7522;Blandain;Hainaut;Wallonië;
7522;Hertain;Hainaut;Wallonië;
7522;Lamain;Hainaut;Wallonië;
7522;Marquain;Hainaut;Wallonië;
7530;Gaurain-Ramecroix;Hainaut;Wallonië;
7531;Havinnes;Hainaut;Wallonië;
7532;Beclers;Hainaut;Wallonië;
7533;Thimougies;Hainaut;Wallonië;
7534;Barry;Hainaut;Wallonië;
7534;Maulde;Hainaut;Wallonië;
7536;Vaulx;Hainaut;Wallonië;
7538;Vezon;Hainaut;Wallonië;
7540;Kain;Hainaut;Wallonië;
7540;Melles;Hainaut;Wallonië;
7540;Quartes;Hainaut;Wallonië;
7540;Rumillies;Hainaut;Wallonië;
7542;Mont-Saint-Aubert;Hainaut;Wallonië;
7543;Mourcourt;Hainaut;Wallonië;
7548;Warchin;Hainaut;Wallonië;
7600;Péruwelz;Hainaut;Wallonië;
7601;Roucourt;Hainaut;Wallonië;
7602;Bury;Hainaut;Wallonië;
7603;Bon-Secours;Hainaut;Wallonië;
7604;Baugnies;Hainaut;Wallonië;
7604;Braffe;Hainaut;Wallonië;
7604;Brasmenil;Hainaut;Wallonië;
7604;Callenelle;Hainaut;Wallonië;
7604;Wasmes-Audemez-Briffoeil;Hainaut;Wallonië;
7608;Wiers;Hainaut;Wallonië;
7610;Rumes;Hainaut;Wallonië;
7611;La Glanerie;Hainaut;Wallonië;
7618;Taintignies;Hainaut;Wallonië;
7620;Bléharies;Hainaut;Wallonië;
7620;Brunehaut;Hainaut;Wallonië;
7620;Guignies;Hainaut;Wallonië;
7620;Hollain;Hainaut;Wallonië;
7620;Jollain-Merlin;Hainaut;Wallonië;
7620;Wez-Velvain;Hainaut;Wallonië;
7621;Lesdain;Hainaut;Wallonië;
7622;Laplaigne;Hainaut;Wallonië;
7623;Rongy;Hainaut;Wallonië;
7624;Howardries;Hainaut;Wallonië;
7640;Antoing;Hainaut;Wallonië;
7640;Maubray;Hainaut;Wallonië;
7640;Péronnes-Lez-Antoing;Hainaut;Wallonië;
7641;Bruyelle;Hainaut;Wallonië;
7642;Calonne;Hainaut;Wallonië;
7643;Fontenoy;Hainaut;Wallonië;
7700;Luingne;Hainaut;Wallonië;
7700;Mouscron;Hainaut;Wallonië;
7711;Dottignies;Hainaut;Wallonië;
7712;Herseaux;Hainaut;Wallonië;
7730;Bailleul;Hainaut;Wallonië;
7730;Estaimbourg;Hainaut;Wallonië;
7730;Estaimpuis;Hainaut;Wallonië;
7730;Evregnies;Hainaut;Wallonië;
7730;Leers-Nord;Hainaut;Wallonië;
7730;Néchin;Hainaut;Wallonië;
7730;Saint-Léger;Hainaut;Wallonië;
7740;Pecq;Hainaut;Wallonië;
7740;Warcoing;Hainaut;Wallonië;
7742;Hérinnes-Lez-Pecq;Hainaut;Wallonië;
7743;Esquelmes;Hainaut;Wallonië;
7743;Obigies;Hainaut;Wallonië;
7750;Amougies;Hainaut;Wallonië;
7750;Anseroeul;Hainaut;Wallonië;
7750;Mont-De-L'enclus;Hainaut;Wallonië;
7750;Orroir;Hainaut;Wallonië;
7750;Russeignies;Hainaut;Wallonië;
7760;Celles;Hainaut;Wallonië;
7760;Escanaffles;Hainaut;Wallonië;
7760;Molenbaix;Hainaut;Wallonië;
7760;Popuelles;Hainaut;Wallonië;
7760;Pottes;Hainaut;Wallonië;
7760;Velaines;Hainaut;Wallonië;
7780;Comines;Hainaut;Wallonië;
7780;Comines-Warneton;Hainaut;Wallonië;
7781;Houthem;Hainaut;Wallonië;
7782;Ploegsteert;Hainaut;Wallonië;
7783;Bizet;Hainaut;Wallonië;
7784;Bas-Warneton;Hainaut;Wallonië;
7784;Warneton;Hainaut;Wallonië;
7800;Ath;Hainaut;Wallonië;
7800;Lanquesaint;Hainaut;Wallonië;
7801;Irchonwelz;Hainaut;Wallonië;
7802;Ormeignies;Hainaut;Wallonië;
7803;Bouvignies;Hainaut;Wallonië;
7804;Ostiches;Hainaut;Wallonië;
7804;Rebaix;Hainaut;Wallonië;
7810;Maffle;Hainaut;Wallonië;
7811;Arbre;Hainaut;Wallonië;
7812;Houtaing;Hainaut;Wallonië;
7812;Ligne;Hainaut;Wallonië;
7812;Mainvault;Hainaut;Wallonië;
7812;Moulbaix;Hainaut;Wallonië;
7812;Villers-Notre-Dame;Hainaut;Wallonië;
7812;Villers-Saint-Amand;Hainaut;Wallonië;
7822;Ghislenghien;Hainaut;Wallonië;
7822;Isières;Hainaut;Wallonië;
7822;Meslin-L'evêque;Hainaut;Wallonië;
7823;Gibecq;Hainaut;Wallonië;
7830;Bassilly;Hainaut;Wallonië;
7830;Fouleng;Hainaut;Wallonië;
7830;Gondregnies;Hainaut;Wallonië;
7830;Graty;Hainaut;Wallonië;
7830;Hellebecq;Hainaut;Wallonië;
7830;Hoves;Hainaut;Wallonië;
7830;Silly;Hainaut;Wallonië;
7830;Thoricourt;Hainaut;Wallonië;
7850;Enghien;Hainaut;Wallonië;
7850;Marcq;Hainaut;Wallonië;
7850;Petit-Enghien;Hainaut;Wallonië;
7860;Lessines;Hainaut;Wallonië;
7861;Papignies;Hainaut;Wallonië;
7861;Wannebecq;Hainaut;Wallonië;
7862;Ogy;Hainaut;Wallonië;
7863;Ghoy;Hainaut;Wallonië;
7864;Deux-Acren;Hainaut;Wallonië;
7866;Bois-De-Lessines;Hainaut;Wallonië;
7866;Ollignies;Hainaut;Wallonië;
7870;Bauffe;Hainaut;Wallonië;
7870;Cambron-Saint-Vincent;Hainaut;Wallonië;
7870;Lens;Hainaut;Wallonië;
7870;Lombise;Hainaut;Wallonië;
7870;Montignies-Lez-Lens;Hainaut;Wallonië;
7880;Flobecq;Hainaut;Wallonië;
7890;Ellezelles;Hainaut;Wallonië;
7890;Lahamaide;Hainaut;Wallonië;
7890;Wodecq;Hainaut;Wallonië;
7900;Grandmetz;Hainaut;Wallonië;
7900;Leuze-En-Hainaut;Hainaut;Wallonië;
7901;Thieulain;Hainaut;Wallonië;
7903;Blicquy;Hainaut;Wallonië;
7903;Chapelle-À-Oie;Hainaut;Wallonië;
7903;Chapelle-À-Wattines;Hainaut;Wallonië;
7904;Pipaix;Hainaut;Wallonië;
7904;Tourpes;Hainaut;Wallonië;
7904;Willaupuis;Hainaut;Wallonië;
7906;Gallaix;Hainaut;Wallonië;
7910;Anvaing;Hainaut;Wallonië;
7910;Arc-Wattripont;Hainaut;Wallonië;
7910;Cordes;Hainaut;Wallonië;
7910;Ellignies-Lez-Frasnes;Hainaut;Wallonië;
7910;Forest;Hainaut;Wallonië;
7910;Frasnes-Lez-Anvaing;Hainaut;Wallonië;
7910;Wattripont;Hainaut;Wallonië;
7911;Buissenal;Hainaut;Wallonië;
7911;Frasnes-Lez-Buissenal;Hainaut;Wallonië;
7911;Hacquegnies;Hainaut;Wallonië;
7911;Herquegies;Hainaut;Wallonië;
7911;Montroeul-Au-Bois;Hainaut;Wallonië;
7911;Moustier;Hainaut;Wallonië;
7911;Oeudeghien;Hainaut;Wallonië;
7912;Dergneau;Hainaut;Wallonië;
7912;Saint-Sauveur;Hainaut;Wallonië;
7940;Brugelette;Hainaut;Wallonië;
7940;Cambron-Casteau;Hainaut;Wallonië;
7941;Attre;Hainaut;Wallonië;
7942;Mévergnies-Lez-Lens;Hainaut;Wallonië;
7943;Gages;Hainaut;Wallonië;
7950;Chièvres;Hainaut;Wallonië;
7950;Grosage;Hainaut;Wallonië;
7950;Huissignies;Hainaut;Wallonië;
7950;Ladeuze;Hainaut;Wallonië;
7950;Tongre-Saint-Martin;Hainaut;Wallonië;
7951;Tongre-Notre-Dame;Hainaut;Wallonië;
7970;Beloeil;Hainaut;Wallonië;
7971;Basècles;Hainaut;Wallonië;
7971;Ramegnies;Hainaut;Wallonië;
7971;Thumaide;Hainaut;Wallonië;
7971;Wadelincourt;Hainaut;Wallonië;
7972;Aubechies;Hainaut;Wallonië;
7972;Quevaucamps;Hainaut;Wallonië;
7973;Grandglise;Hainaut;Wallonië;
7973;Stambruges;Hainaut;Wallonië;
8000;Brugge;West-Vlaanderen;Vlaanderen;
8000;Koolkerke;West-Vlaanderen;Vlaanderen;
8020;Hertsberge;West-Vlaanderen;Vlaanderen;
8020;Oostkamp;West-Vlaanderen;Vlaanderen;
8020;Ruddervoorde;West-Vlaanderen;Vlaanderen;
8020;Waardamme;West-Vlaanderen;Vlaanderen;
8200;Sint-Andries;West-Vlaanderen;Vlaanderen;
8200;Sint-Michiels;West-Vlaanderen;Vlaanderen;
8210;Loppem;West-Vlaanderen;Vlaanderen;
8210;Veldegem;West-Vlaanderen;Vlaanderen;
8210;Zedelgem;West-Vlaanderen;Vlaanderen;
8211;Aartrijke;West-Vlaanderen;Vlaanderen;
8300;Knokke;West-Vlaanderen;Vlaanderen;
8300;Knokke-Heist;West-Vlaanderen;Vlaanderen;
8300;Westkapelle;West-Vlaanderen;Vlaanderen;
8301;Ramskapelle;West-Vlaanderen;Vlaanderen;
8310;Assebroek;West-Vlaanderen;Vlaanderen;
8310;Sint-Kruis;West-Vlaanderen;Vlaanderen;
8340;Damme;West-Vlaanderen;Vlaanderen;
8340;Hoeke;West-Vlaanderen;Vlaanderen;
8340;Lapscheure;West-Vlaanderen;Vlaanderen;
8340;Moerkerke;West-Vlaanderen;Vlaanderen;
8340;Oostkerke;West-Vlaanderen;Vlaanderen;
8340;Sijsele;West-Vlaanderen;Vlaanderen;
8370;Blankenberge;West-Vlaanderen;Vlaanderen;
8370;Uitkerke;West-Vlaanderen;Vlaanderen;
8377;Houtave;West-Vlaanderen;Vlaanderen;
8377;Meetkerke;West-Vlaanderen;Vlaanderen;
8377;Nieuwmunster;West-Vlaanderen;Vlaanderen;
8377;Zuienkerke;West-Vlaanderen;Vlaanderen;
8380;Dudzele;West-Vlaanderen;Vlaanderen;
8380;Lissewege;West-Vlaanderen;Vlaanderen;
8380;Zeebrugge;West-Vlaanderen;Vlaanderen;
8400;Oostende;West-Vlaanderen;Vlaanderen;
8400;Stene;West-Vlaanderen;Vlaanderen;
8400;Zandvoorde;West-Vlaanderen;Vlaanderen;
8420;De Haan;West-Vlaanderen;Vlaanderen;
8420;Klemskerke;West-Vlaanderen;Vlaanderen;
8420;Wenduine;West-Vlaanderen;Vlaanderen;
8421;Vlissegem;West-Vlaanderen;Vlaanderen;
8430;Middelkerke;West-Vlaanderen;Vlaanderen;
8431;Wilskerke;West-Vlaanderen;Vlaanderen;
8432;Leffinge;West-Vlaanderen;Vlaanderen;
8433;Mannekensvere;West-Vlaanderen;Vlaanderen;
8433;Schore;West-Vlaanderen;Vlaanderen;
8433;Sint-Pieters-Kapelle;West-Vlaanderen;Vlaanderen;
8433;Slijpe;West-Vlaanderen;Vlaanderen;
8434;Lombardsijde;West-Vlaanderen;Vlaanderen;
8434;Westende;West-Vlaanderen;Vlaanderen;
8450;Bredene;West-Vlaanderen;Vlaanderen;
8460;Ettelgem;West-Vlaanderen;Vlaanderen;
8460;Oudenburg;West-Vlaanderen;Vlaanderen;
8460;Roksem;West-Vlaanderen;Vlaanderen;
8460;Westkerke;West-Vlaanderen;Vlaanderen;
8470;Gistel;West-Vlaanderen;Vlaanderen;
8470;Moere;West-Vlaanderen;Vlaanderen;
8470;Snaaskerke;West-Vlaanderen;Vlaanderen;
8470;Zevekote;West-Vlaanderen;Vlaanderen;
8480;Bekegem;West-Vlaanderen;Vlaanderen;
8480;Eernegem;West-Vlaanderen;Vlaanderen;
8480;Ichtegem;West-Vlaanderen;Vlaanderen;
8490;Jabbeke;West-Vlaanderen;Vlaanderen;
8490;Snellegem;West-Vlaanderen;Vlaanderen;
8490;Stalhille;West-Vlaanderen;Vlaanderen;
8490;Varsenare;West-Vlaanderen;Vlaanderen;
8490;Zerkegem;West-Vlaanderen;Vlaanderen;
8500;Kortrijk;West-Vlaanderen;Vlaanderen;
8501;Bissegem;West-Vlaanderen;Vlaanderen;
8501;Heule;West-Vlaanderen;Vlaanderen;
8510;Bellegem;West-Vlaanderen;Vlaanderen;
8510;Kooigem;West-Vlaanderen;Vlaanderen;
8510;Marke;West-Vlaanderen;Vlaanderen;
8510;Rollegem;West-Vlaanderen;Vlaanderen;
8511;Aalbeke;West-Vlaanderen;Vlaanderen;
8520;Kuurne;West-Vlaanderen;Vlaanderen;
8530;Harelbeke;West-Vlaanderen;Vlaanderen;
8531;Bavikhove;West-Vlaanderen;Vlaanderen;
8531;Hulste;West-Vlaanderen;Vlaanderen;
8540;Deerlijk;West-Vlaanderen;Vlaanderen;
8550;Zwevegem;West-Vlaanderen;Vlaanderen;
8551;Heestert;West-Vlaanderen;Vlaanderen;
8552;Moen;West-Vlaanderen;Vlaanderen;
8553;Otegem;West-Vlaanderen;Vlaanderen;
8554;Sint-Denijs;West-Vlaanderen;Vlaanderen;
8560;Gullegem;West-Vlaanderen;Vlaanderen;
8560;Moorsele;West-Vlaanderen;Vlaanderen;
8560;Wevelgem;West-Vlaanderen;Vlaanderen;
8570;Anzegem;West-Vlaanderen;Vlaanderen;
8570;Gijzelbrechtegem;West-Vlaanderen;Vlaanderen;
8570;Ingooigem;West-Vlaanderen;Vlaanderen;
8570;Vichte;West-Vlaanderen;Vlaanderen;
8572;Kaster;West-Vlaanderen;Vlaanderen;
8573;Tiegem;West-Vlaanderen;Vlaanderen;
8580;Avelgem;West-Vlaanderen;Vlaanderen;
8581;Kerkhove;West-Vlaanderen;Vlaanderen;
8581;Waarmaarde;West-Vlaanderen;Vlaanderen;
8582;Outrijve;West-Vlaanderen;Vlaanderen;
8583;Bossuit;West-Vlaanderen;Vlaanderen;
8587;Espierres;West-Vlaanderen;Vlaanderen;
8587;Espierres-Helchin;West-Vlaanderen;Vlaanderen;
8587;Helchin;West-Vlaanderen;Vlaanderen;
8600;Beerst;West-Vlaanderen;Vlaanderen;
8600;Diksmuide;West-Vlaanderen;Vlaanderen;
8600;Driekapellen;West-Vlaanderen;Vlaanderen;
8600;Esen;West-Vlaanderen;Vlaanderen;
8600;Kaaskerke;West-Vlaanderen;Vlaanderen;
8600;Keiem;West-Vlaanderen;Vlaanderen;
8600;Lampernisse;West-Vlaanderen;Vlaanderen;
8600;Leke;West-Vlaanderen;Vlaanderen;
8600;Nieuwkapelle;West-Vlaanderen;Vlaanderen;
8600;Oostkerke;West-Vlaanderen;Vlaanderen;
8600;Oudekapelle;West-Vlaanderen;Vlaanderen;
8600;Pervijze;West-Vlaanderen;Vlaanderen;
8600;Stuivekenskerke;West-Vlaanderen;Vlaanderen;
8600;Vladslo;West-Vlaanderen;Vlaanderen;
8600;Woumen;West-Vlaanderen;Vlaanderen;
8610;Handzame;West-Vlaanderen;Vlaanderen;
8610;Kortemark;West-Vlaanderen;Vlaanderen;
8610;Werken;West-Vlaanderen;Vlaanderen;
8610;Zarren;West-Vlaanderen;Vlaanderen;
8620;Nieuwpoort;West-Vlaanderen;Vlaanderen;
8620;Ramskapelle;West-Vlaanderen;Vlaanderen;
8620;Sint-Joris;West-Vlaanderen;Vlaanderen;
8630;Avekapelle;West-Vlaanderen;Vlaanderen;
8630;Booitshoeke;West-Vlaanderen;Vlaanderen;
8630;Bulskamp;West-Vlaanderen;Vlaanderen;
8630;De Moeren;West-Vlaanderen;Vlaanderen;
8630;Eggewaartskapelle;West-Vlaanderen;Vlaanderen;
8630;Houtem;West-Vlaanderen;Vlaanderen;
8630;Steenkerke;West-Vlaanderen;Vlaanderen;
8630;Veurne;West-Vlaanderen;Vlaanderen;
8630;Vinkem;West-Vlaanderen;Vlaanderen;
8630;Wulveringem;West-Vlaanderen;Vlaanderen;
8630;Zoutenaaie;West-Vlaanderen;Vlaanderen;
8640;Oostvleteren;West-Vlaanderen;Vlaanderen;
8640;Vleteren;West-Vlaanderen;Vlaanderen;
8640;Westvleteren;West-Vlaanderen;Vlaanderen;
8640;Woesten;West-Vlaanderen;Vlaanderen;
8647;Lo;West-Vlaanderen;Vlaanderen;
8647;Lo-Reninge;West-Vlaanderen;Vlaanderen;
8647;Noordschote;West-Vlaanderen;Vlaanderen;
8647;Pollinkhove;West-Vlaanderen;Vlaanderen;
8647;Reninge;West-Vlaanderen;Vlaanderen;
8650;Houthulst;West-Vlaanderen;Vlaanderen;
8650;Klerken;West-Vlaanderen;Vlaanderen;
8650;Merkem;West-Vlaanderen;Vlaanderen;
8660;Adinkerke;West-Vlaanderen;Vlaanderen;
8660;De Panne;West-Vlaanderen;Vlaanderen;
8670;Koksijde;West-Vlaanderen;Vlaanderen;
8670;Oostduinkerke;West-Vlaanderen;Vlaanderen;
8670;Wulpen;West-Vlaanderen;Vlaanderen;
8680;Bovekerke;West-Vlaanderen;Vlaanderen;
8680;Koekelare;West-Vlaanderen;Vlaanderen;
8680;Zande;West-Vlaanderen;Vlaanderen;
8690;Alveringem;West-Vlaanderen;Vlaanderen;
8690;Hoogstade;West-Vlaanderen;Vlaanderen;
8690;Oeren;West-Vlaanderen;Vlaanderen;
8690;Sint-Rijkers;West-Vlaanderen;Vlaanderen;
8691;Gijverinkhove;West-Vlaanderen;Vlaanderen;
8691;Izenberge;West-Vlaanderen;Vlaanderen;
8691;Leisele;West-Vlaanderen;Vlaanderen;
8691;Stavele;West-Vlaanderen;Vlaanderen;
8700;Aarsele;West-Vlaanderen;Vlaanderen;
8700;Kanegem;West-Vlaanderen;Vlaanderen;
8700;Schuiferskapelle;West-Vlaanderen;Vlaanderen;
8700;Tielt;West-Vlaanderen;Vlaanderen;
8710;Ooigem;West-Vlaanderen;Vlaanderen;
8710;Sint-Baafs-Vijve;West-Vlaanderen;Vlaanderen;
8710;Wielsbeke;West-Vlaanderen;Vlaanderen;
8720;Dentergem;West-Vlaanderen;Vlaanderen;
8720;Markegem;West-Vlaanderen;Vlaanderen;
8720;Oeselgem;West-Vlaanderen;Vlaanderen;
8720;Wakken;West-Vlaanderen;Vlaanderen;
8730;Beernem;West-Vlaanderen;Vlaanderen;
8730;Oedelem;West-Vlaanderen;Vlaanderen;
8730;Sint-Joris;West-Vlaanderen;Vlaanderen;
8740;Egem;West-Vlaanderen;Vlaanderen;
8740;Pittem;West-Vlaanderen;Vlaanderen;
8750;Wingene;West-Vlaanderen;Vlaanderen;
8750;Zwevezele;West-Vlaanderen;Vlaanderen;
8755;Ruiselede;West-Vlaanderen;Vlaanderen;
8760;Meulebeke;West-Vlaanderen;Vlaanderen;
8770;Ingelmunster;West-Vlaanderen;Vlaanderen;
8780;Oostrozebeke;West-Vlaanderen;Vlaanderen;
8790;Waregem;West-Vlaanderen;Vlaanderen;
8791;Beveren;West-Vlaanderen;Vlaanderen;
8792;Desselgem;West-Vlaanderen;Vlaanderen;
8793;Sint-Eloois-Vijve;West-Vlaanderen;Vlaanderen;
8800;Beveren;West-Vlaanderen;Vlaanderen;
8800;Oekene;West-Vlaanderen;Vlaanderen;
8800;Roeselare;West-Vlaanderen;Vlaanderen;
8800;Rumbeke;West-Vlaanderen;Vlaanderen;
8810;Lichtervelde;West-Vlaanderen;Vlaanderen;
8820;Torhout;West-Vlaanderen;Vlaanderen;
8830;Gits;West-Vlaanderen;Vlaanderen;
8830;Hooglede;West-Vlaanderen;Vlaanderen;
8840;Oostnieuwkerke;West-Vlaanderen;Vlaanderen;
8840;Staden;West-Vlaanderen;Vlaanderen;
8840;Westrozebeke;West-Vlaanderen;Vlaanderen;
8850;Ardooie;West-Vlaanderen;Vlaanderen;
8851;Koolskamp;West-Vlaanderen;Vlaanderen;
8860;Lendelede;West-Vlaanderen;Vlaanderen;
8870;Emelgem;West-Vlaanderen;Vlaanderen;
8870;Izegem;West-Vlaanderen;Vlaanderen;
8870;Kachtem;West-Vlaanderen;Vlaanderen;
8880;Ledegem;West-Vlaanderen;Vlaanderen;
8880;Rollegem-Kapelle;West-Vlaanderen;Vlaanderen;
8880;Sint-Eloois-Winkel;West-Vlaanderen;Vlaanderen;
8890;Dadizele;West-Vlaanderen;Vlaanderen;
8890;Moorslede;West-Vlaanderen;Vlaanderen;
8900;Brielen;West-Vlaanderen;Vlaanderen;
8900;Dikkebus;West-Vlaanderen;Vlaanderen;
8900;Ieper;West-Vlaanderen;Vlaanderen;
8900;Sint-Jan;West-Vlaanderen;Vlaanderen;
8902;Hollebeke;West-Vlaanderen;Vlaanderen;
8902;Voormezele;West-Vlaanderen;Vlaanderen;
8902;Zillebeke;West-Vlaanderen;Vlaanderen;
8904;Boezinge;West-Vlaanderen;Vlaanderen;
8904;Zuidschote;West-Vlaanderen;Vlaanderen;
8906;Elverdinge;West-Vlaanderen;Vlaanderen;
8908;Vlamertinge;West-Vlaanderen;Vlaanderen;
8920;Bikschote;West-Vlaanderen;Vlaanderen;
8920;Langemark;West-Vlaanderen;Vlaanderen;
8920;Langemark-Poelkapelle;West-Vlaanderen;Vlaanderen;
8920;Poelkapelle;West-Vlaanderen;Vlaanderen;
8930;Lauwe;West-Vlaanderen;Vlaanderen;
8930;Menen;West-Vlaanderen;Vlaanderen;
8930;Rekkem;West-Vlaanderen;Vlaanderen;
8940;Geluwe;West-Vlaanderen;Vlaanderen;
8940;Wervik;West-Vlaanderen;Vlaanderen;
8950;Heuvelland;West-Vlaanderen;Vlaanderen;
8950;Nieuwkerke;West-Vlaanderen;Vlaanderen;
8951;Dranouter;West-Vlaanderen;Vlaanderen;
8952;Wulvergem;West-Vlaanderen;Vlaanderen;
8953;Wijtschate;West-Vlaanderen;Vlaanderen;
8954;Westouter;West-Vlaanderen;Vlaanderen;
8956;Kemmel;West-Vlaanderen;Vlaanderen;
8957;Messines;West-Vlaanderen;Vlaanderen;
8958;Loker;West-Vlaanderen;Vlaanderen;
8970;Poperinge;West-Vlaanderen;Vlaanderen;
8970;Reningelst;West-Vlaanderen;Vlaanderen;
8972;Krombeke;West-Vlaanderen;Vlaanderen;
8972;Proven;West-Vlaanderen;Vlaanderen;
8972;Roesbrugge-Haringe;West-Vlaanderen;Vlaanderen;
8978;Watou;West-Vlaanderen;Vlaanderen;
8980;Beselare;West-Vlaanderen;Vlaanderen;
8980;Geluveld;West-Vlaanderen;Vlaanderen;
8980;Passendale;West-Vlaanderen;Vlaanderen;
8980;Zandvoorde;West-Vlaanderen;Vlaanderen;
8980;Zonnebeke;West-Vlaanderen;Vlaanderen;
9000;Gent;Oost-Vlaanderen;Vlaanderen;
9030;Mariakerke;Oost-Vlaanderen;Vlaanderen;
9031;Drongen;Oost-Vlaanderen;Vlaanderen;
9032;Wondelgem;Oost-Vlaanderen;Vlaanderen;
9040;Sint-Amandsberg;Oost-Vlaanderen;Vlaanderen;
9041;Oostakker;Oost-Vlaanderen;Vlaanderen;
9042;Desteldonk;Oost-Vlaanderen;Vlaanderen;
9042;Mendonk;Oost-Vlaanderen;Vlaanderen;
9042;Sint-Kruis-Winkel;Oost-Vlaanderen;Vlaanderen;
9050;Gentbrugge;Oost-Vlaanderen;Vlaanderen;
9050;Ledeberg;Oost-Vlaanderen;Vlaanderen;
9051;Afsnee;Oost-Vlaanderen;Vlaanderen;
9051;Sint-Denijs-Westrem;Oost-Vlaanderen;Vlaanderen;
9052;Zwijnaarde;Oost-Vlaanderen;Vlaanderen;
9060;Zelzate;Oost-Vlaanderen;Vlaanderen;
9070;Destelbergen;Oost-Vlaanderen;Vlaanderen;
9070;Heusden;Oost-Vlaanderen;Vlaanderen;
9080;Beervelde;Oost-Vlaanderen;Vlaanderen;
9080;Lochristi;Oost-Vlaanderen;Vlaanderen;
9080;Zaffelare;Oost-Vlaanderen;Vlaanderen;
9080;Zeveneken;Oost-Vlaanderen;Vlaanderen;
9090;Gontrode;Oost-Vlaanderen;Vlaanderen;
9090;Melle;Oost-Vlaanderen;Vlaanderen;
9100;Nieuwkerken-Waas;Oost-Vlaanderen;Vlaanderen;
9100;Sint-Niklaas;Oost-Vlaanderen;Vlaanderen;
9111;Belsele;Oost-Vlaanderen;Vlaanderen;
9112;Sinaai-Waas;Oost-Vlaanderen;Vlaanderen;
9120;Haasdonk;Oost-Vlaanderen;Vlaanderen;
9120;Kallo;Oost-Vlaanderen;Vlaanderen;
9120;Melsele;Oost-Vlaanderen;Vlaanderen;
9120;Vrasene;Oost-Vlaanderen;Vlaanderen;
9130;Doel;Oost-Vlaanderen;Vlaanderen;
9130;Kallo;Oost-Vlaanderen;Vlaanderen;
9130;Kieldrecht;Oost-Vlaanderen;Vlaanderen;
9130;Verrebroek;Oost-Vlaanderen;Vlaanderen;
9140;Elversele;Oost-Vlaanderen;Vlaanderen;
9140;Steendorp;Oost-Vlaanderen;Vlaanderen;
9140;Temse;Oost-Vlaanderen;Vlaanderen;
9140;Tielrode;Oost-Vlaanderen;Vlaanderen;
9150;Bazel;Oost-Vlaanderen;Vlaanderen;
9150;Kruibeke;Oost-Vlaanderen;Vlaanderen;
9150;Rupelmonde;Oost-Vlaanderen;Vlaanderen;
9160;Daknam;Oost-Vlaanderen;Vlaanderen;
9160;Eksaarde;Oost-Vlaanderen;Vlaanderen;
9160;Lokeren;Oost-Vlaanderen;Vlaanderen;
9170;De Klinge;Oost-Vlaanderen;Vlaanderen;
9170;Meerdonk;Oost-Vlaanderen;Vlaanderen;
9170;Sint-Gillis-Waas;Oost-Vlaanderen;Vlaanderen;
9170;Sint-Pauwels;Oost-Vlaanderen;Vlaanderen;
9180;Moerbeke-Waas;Oost-Vlaanderen;Vlaanderen;
9185;Wachtebeke;Oost-Vlaanderen;Vlaanderen;
9190;Kemzeke;Oost-Vlaanderen;Vlaanderen;
9190;Stekene;Oost-Vlaanderen;Vlaanderen;
9200;Appels;Oost-Vlaanderen;Vlaanderen;
9200;Baasrode;Oost-Vlaanderen;Vlaanderen;
9200;Dendermonde;Oost-Vlaanderen;Vlaanderen;
9200;Grembergen;Oost-Vlaanderen;Vlaanderen;
9200;Mespelare;Oost-Vlaanderen;Vlaanderen;
9200;Oudegem;Oost-Vlaanderen;Vlaanderen;
9200;Schoonaarde;Oost-Vlaanderen;Vlaanderen;
9200;Sint-Gillis-Dendermonde;Oost-Vlaanderen;Vlaanderen;
9220;Hamme;Oost-Vlaanderen;Vlaanderen;
9220;Moerzeke;Oost-Vlaanderen;Vlaanderen;
9230;Massemen;Oost-Vlaanderen;Vlaanderen;
9230;Westrem;Oost-Vlaanderen;Vlaanderen;
9230;Wetteren;Oost-Vlaanderen;Vlaanderen;
9240;Zele;Oost-Vlaanderen;Vlaanderen;
9250;Waasmunster;Oost-Vlaanderen;Vlaanderen;
9255;Buggenhout;Oost-Vlaanderen;Vlaanderen;
9255;Opdorp;Oost-Vlaanderen;Vlaanderen;
9260;Schellebelle;Oost-Vlaanderen;Vlaanderen;
9260;Serskamp;Oost-Vlaanderen;Vlaanderen;
9260;Wichelen;Oost-Vlaanderen;Vlaanderen;
9270;Kalken;Oost-Vlaanderen;Vlaanderen;
9270;Laarne;Oost-Vlaanderen;Vlaanderen;
9280;Denderbelle;Oost-Vlaanderen;Vlaanderen;
9280;Lebbeke;Oost-Vlaanderen;Vlaanderen;
9280;Wieze;Oost-Vlaanderen;Vlaanderen;
9290;Berlare;Oost-Vlaanderen;Vlaanderen;
9290;Overmere;Oost-Vlaanderen;Vlaanderen;
9290;Uitbergen;Oost-Vlaanderen;Vlaanderen;
9300;Aalst;Oost-Vlaanderen;Vlaanderen;
9308;Gijzegem;Oost-Vlaanderen;Vlaanderen;
9308;Hofstade;Oost-Vlaanderen;Vlaanderen;
9310;Baardegem;Oost-Vlaanderen;Vlaanderen;
9310;Herdersem;Oost-Vlaanderen;Vlaanderen;
9310;Meldert;Oost-Vlaanderen;Vlaanderen;
9310;Moorsel;Oost-Vlaanderen;Vlaanderen;
9320;Erembodegem;Oost-Vlaanderen;Vlaanderen;
9320;Nieuwerkerken;Oost-Vlaanderen;Vlaanderen;
9340;Impe;Oost-Vlaanderen;Vlaanderen;
9340;Lede;Oost-Vlaanderen;Vlaanderen;
9340;Oordegem;Oost-Vlaanderen;Vlaanderen;
9340;Smetlede;Oost-Vlaanderen;Vlaanderen;
9340;Wanzele;Oost-Vlaanderen;Vlaanderen;
9400;Appelterre-Eichem;Oost-Vlaanderen;Vlaanderen;
9400;Denderwindeke;Oost-Vlaanderen;Vlaanderen;
9400;Lieferinge;Oost-Vlaanderen;Vlaanderen;
9400;Nederhasselt;Oost-Vlaanderen;Vlaanderen;
9400;Ninove;Oost-Vlaanderen;Vlaanderen;
9400;Okegem;Oost-Vlaanderen;Vlaanderen;
9400;Voorde;Oost-Vlaanderen;Vlaanderen;
9401;Pollare;Oost-Vlaanderen;Vlaanderen;
9402;Meerbeke;Oost-Vlaanderen;Vlaanderen;
9403;Neigem;Oost-Vlaanderen;Vlaanderen;
9404;Aspelare;Oost-Vlaanderen;Vlaanderen;
9406;Outer;Oost-Vlaanderen;Vlaanderen;
9420;Aaigem;Oost-Vlaanderen;Vlaanderen;
9420;Bambrugge;Oost-Vlaanderen;Vlaanderen;
9420;Burst;Oost-Vlaanderen;Vlaanderen;
9420;Erondegem;Oost-Vlaanderen;Vlaanderen;
9420;Erpe;Oost-Vlaanderen;Vlaanderen;
9420;Erpe-Mere;Oost-Vlaanderen;Vlaanderen;
9420;Mere;Oost-Vlaanderen;Vlaanderen;
9420;Ottergem;Oost-Vlaanderen;Vlaanderen;
9450;Denderhoutem;Oost-Vlaanderen;Vlaanderen;
9450;Haaltert;Oost-Vlaanderen;Vlaanderen;
9450;Heldergem;Oost-Vlaanderen;Vlaanderen;
9451;Kerksken;Oost-Vlaanderen;Vlaanderen;
9470;Denderleeuw;Oost-Vlaanderen;Vlaanderen;
9472;Iddergem;Oost-Vlaanderen;Vlaanderen;
9473;Welle;Oost-Vlaanderen;Vlaanderen;
9500;Geraardsbergen;Oost-Vlaanderen;Vlaanderen;
9500;Goeferdinge;Oost-Vlaanderen;Vlaanderen;
9500;Moerbeke;Oost-Vlaanderen;Vlaanderen;
9500;Nederboelare;Oost-Vlaanderen;Vlaanderen;
9500;Onkerzele;Oost-Vlaanderen;Vlaanderen;
9500;Ophasselt;Oost-Vlaanderen;Vlaanderen;
9500;Overboelare;Oost-Vlaanderen;Vlaanderen;
9500;Viane;Oost-Vlaanderen;Vlaanderen;
9500;Zarlardinge;Oost-Vlaanderen;Vlaanderen;
9506;Grimminge;Oost-Vlaanderen;Vlaanderen;
9506;Idegem;Oost-Vlaanderen;Vlaanderen;
9506;Nieuwenhove;Oost-Vlaanderen;Vlaanderen;
9506;Schendelbeke;Oost-Vlaanderen;Vlaanderen;
9506;Smeerebbe-Vloerzegem;Oost-Vlaanderen;Vlaanderen;
9506;Waarbeke;Oost-Vlaanderen;Vlaanderen;
9506;Zandbergen;Oost-Vlaanderen;Vlaanderen;
9520;Bavegem;Oost-Vlaanderen;Vlaanderen;
9520;Oombergen;Oost-Vlaanderen;Vlaanderen;
9520;Sint-Lievens-Houtem;Oost-Vlaanderen;Vlaanderen;
9520;Vlierzele;Oost-Vlaanderen;Vlaanderen;
9520;Zonnegem;Oost-Vlaanderen;Vlaanderen;
9521;Letterhoutem;Oost-Vlaanderen;Vlaanderen;
9550;Herzele;Oost-Vlaanderen;Vlaanderen;
9550;Hillegem;Oost-Vlaanderen;Vlaanderen;
9550;Sint-Antelinks;Oost-Vlaanderen;Vlaanderen;
9550;Sint-Lievens-Esse;Oost-Vlaanderen;Vlaanderen;
9550;Steenhuize-Wijnhuize;Oost-Vlaanderen;Vlaanderen;
9550;Woubrechtegem;Oost-Vlaanderen;Vlaanderen;
9551;Ressegem;Oost-Vlaanderen;Vlaanderen;
9552;Borsbeke;Oost-Vlaanderen;Vlaanderen;
9570;Deftinge;Oost-Vlaanderen;Vlaanderen;
9570;Lierde;Oost-Vlaanderen;Vlaanderen;
9570;Sint-Maria-Lierde;Oost-Vlaanderen;Vlaanderen;
9571;Hemelveerdegem;Oost-Vlaanderen;Vlaanderen;
9572;Sint-Martens-Lierde;Oost-Vlaanderen;Vlaanderen;
9600;Renaix;Oost-Vlaanderen;Vlaanderen;
9620;Elene;Oost-Vlaanderen;Vlaanderen;
9620;Erwetegem;Oost-Vlaanderen;Vlaanderen;
9620;Godveerdegem;Oost-Vlaanderen;Vlaanderen;
9620;Grotenberge;Oost-Vlaanderen;Vlaanderen;
9620;Leeuwergem;Oost-Vlaanderen;Vlaanderen;
9620;Oombergen;Oost-Vlaanderen;Vlaanderen;
9620;Sint-Goriks-Oudenhove;Oost-Vlaanderen;Vlaanderen;
9620;Sint-Maria-Oudenhove;Oost-Vlaanderen;Vlaanderen;
9620;Strijpen;Oost-Vlaanderen;Vlaanderen;
9620;Velzeke-Ruddershove;Oost-Vlaanderen;Vlaanderen;
9620;Zottegem;Oost-Vlaanderen;Vlaanderen;
9630;Beerlegem;Oost-Vlaanderen;Vlaanderen;
9630;Dikkele;Oost-Vlaanderen;Vlaanderen;
9630;Hundelgem;Oost-Vlaanderen;Vlaanderen;
9630;Meilegem;Oost-Vlaanderen;Vlaanderen;
9630;Munkzwalm;Oost-Vlaanderen;Vlaanderen;
9630;Paulatem;Oost-Vlaanderen;Vlaanderen;
9630;Roborst;Oost-Vlaanderen;Vlaanderen;
9630;Rozebeke;Oost-Vlaanderen;Vlaanderen;
9630;Sint-Blasius-Boekel;Oost-Vlaanderen;Vlaanderen;
9630;Sint-Denijs-Boekel;Oost-Vlaanderen;Vlaanderen;
9630;Sint-Maria-Latem;Oost-Vlaanderen;Vlaanderen;
9630;Zwalm;Oost-Vlaanderen;Vlaanderen;
9636;Nederzwalm-Hermelgem;Oost-Vlaanderen;Vlaanderen;
9660;Brakel;Oost-Vlaanderen;Vlaanderen;
9660;Elst;Oost-Vlaanderen;Vlaanderen;
9660;Everbeek;Oost-Vlaanderen;Vlaanderen;
9660;Michelbeke;Oost-Vlaanderen;Vlaanderen;
9660;Nederbrakel;Oost-Vlaanderen;Vlaanderen;
9660;Opbrakel;Oost-Vlaanderen;Vlaanderen;
9660;Sint-Maria-Oudenhove;Oost-Vlaanderen;Vlaanderen;
9660;Zegelsem;Oost-Vlaanderen;Vlaanderen;
9661;Parike;Oost-Vlaanderen;Vlaanderen;
9667;Horebeke;Oost-Vlaanderen;Vlaanderen;
9667;Sint-Kornelis-Horebeke;Oost-Vlaanderen;Vlaanderen;
9667;Sint-Maria-Horebeke;Oost-Vlaanderen;Vlaanderen;
9680;Etikhove;Oost-Vlaanderen;Vlaanderen;
9680;Maarke-Kerkem;Oost-Vlaanderen;Vlaanderen;
9680;Maarkedal;Oost-Vlaanderen;Vlaanderen;
9681;Nukerke;Oost-Vlaanderen;Vlaanderen;
9688;Schorisse;Oost-Vlaanderen;Vlaanderen;
9690;Berchem;Oost-Vlaanderen;Vlaanderen;
9690;Kluisbergen;Oost-Vlaanderen;Vlaanderen;
9690;Kwaremont;Oost-Vlaanderen;Vlaanderen;
9690;Ruien;Oost-Vlaanderen;Vlaanderen;
9690;Zulzeke;Oost-Vlaanderen;Vlaanderen;
9700;Bevere;Oost-Vlaanderen;Vlaanderen;
9700;Edelare;Oost-Vlaanderen;Vlaanderen;
9700;Eine;Oost-Vlaanderen;Vlaanderen;
9700;Ename;Oost-Vlaanderen;Vlaanderen;
9700;Heurne;Oost-Vlaanderen;Vlaanderen;
9700;Leupegem;Oost-Vlaanderen;Vlaanderen;
9700;Mater;Oost-Vlaanderen;Vlaanderen;
9700;Melden;Oost-Vlaanderen;Vlaanderen;
9700;Mullem;Oost-Vlaanderen;Vlaanderen;
9700;Nederename;Oost-Vlaanderen;Vlaanderen;
9700;Ooike;Oost-Vlaanderen;Vlaanderen;
9700;Oudenaarde;Oost-Vlaanderen;Vlaanderen;
9700;Volkegem;Oost-Vlaanderen;Vlaanderen;
9700;Welden;Oost-Vlaanderen;Vlaanderen;
9750;Huise;Oost-Vlaanderen;Vlaanderen;
9750;Ouwegem;Oost-Vlaanderen;Vlaanderen;
9750;Zingem;Oost-Vlaanderen;Vlaanderen;
9770;Kruishoutem;Oost-Vlaanderen;Vlaanderen;
9771;Nokere;Oost-Vlaanderen;Vlaanderen;
9772;Wannegem-Lede;Oost-Vlaanderen;Vlaanderen;
9790;Elsegem;Oost-Vlaanderen;Vlaanderen;
9790;Moregem;Oost-Vlaanderen;Vlaanderen;
9790;Ooike;Oost-Vlaanderen;Vlaanderen;
9790;Petegem-Aan-De-Schelde;Oost-Vlaanderen;Vlaanderen;
9790;Wortegem;Oost-Vlaanderen;Vlaanderen;
9790;Wortegem-Petegem;Oost-Vlaanderen;Vlaanderen;
9800;Astene;Oost-Vlaanderen;Vlaanderen;
9800;Bachte-Maria-Leerne;Oost-Vlaanderen;Vlaanderen;
9800;Deinze;Oost-Vlaanderen;Vlaanderen;
9800;Gottem;Oost-Vlaanderen;Vlaanderen;
9800;Grammene;Oost-Vlaanderen;Vlaanderen;
9800;Meigem;Oost-Vlaanderen;Vlaanderen;
9800;Petegem-Aan-De-Leie;Oost-Vlaanderen;Vlaanderen;
9800;Sint-Martens-Leerne;Oost-Vlaanderen;Vlaanderen;
9800;Vinkt;Oost-Vlaanderen;Vlaanderen;
9800;Wontergem;Oost-Vlaanderen;Vlaanderen;
9800;Zeveren;Oost-Vlaanderen;Vlaanderen;
9810;Eke;Oost-Vlaanderen;Vlaanderen;
9810;Nazareth;Oost-Vlaanderen;Vlaanderen;
9820;Bottelare;Oost-Vlaanderen;Vlaanderen;
9820;Lemberge;Oost-Vlaanderen;Vlaanderen;
9820;Melsen;Oost-Vlaanderen;Vlaanderen;
9820;Merelbeke;Oost-Vlaanderen;Vlaanderen;
9820;Munte;Oost-Vlaanderen;Vlaanderen;
9820;Schelderode;Oost-Vlaanderen;Vlaanderen;
9830;Sint-Martens-Latem;Oost-Vlaanderen;Vlaanderen;
9831;Deurle;Oost-Vlaanderen;Vlaanderen;
9840;De Pinte;Oost-Vlaanderen;Vlaanderen;
9840;Zevergem;Oost-Vlaanderen;Vlaanderen;
9850;Hansbeke;Oost-Vlaanderen;Vlaanderen;
9850;Landegem;Oost-Vlaanderen;Vlaanderen;
9850;Merendree;Oost-Vlaanderen;Vlaanderen;
9850;Nevele;Oost-Vlaanderen;Vlaanderen;
9850;Poesele;Oost-Vlaanderen;Vlaanderen;
9850;Vosselare;Oost-Vlaanderen;Vlaanderen;
9860;Balegem;Oost-Vlaanderen;Vlaanderen;
9860;Gijzenzele;Oost-Vlaanderen;Vlaanderen;
9860;Landskouter;Oost-Vlaanderen;Vlaanderen;
9860;Moortsele;Oost-Vlaanderen;Vlaanderen;
9860;Oosterzele;Oost-Vlaanderen;Vlaanderen;
9860;Scheldewindeke;Oost-Vlaanderen;Vlaanderen;
9870;Machelen;Oost-Vlaanderen;Vlaanderen;
9870;Olsene;Oost-Vlaanderen;Vlaanderen;
9870;Zulte;Oost-Vlaanderen;Vlaanderen;
9880;Aalter;Oost-Vlaanderen;Vlaanderen;
9880;Lotenhulle;Oost-Vlaanderen;Vlaanderen;
9880;Poeke;Oost-Vlaanderen;Vlaanderen;
9881;Bellem;Oost-Vlaanderen;Vlaanderen;
9890;Baaigem;Oost-Vlaanderen;Vlaanderen;
9890;Dikkelvenne;Oost-Vlaanderen;Vlaanderen;
9890;Gavere;Oost-Vlaanderen;Vlaanderen;
9890;Vurste;Oost-Vlaanderen;Vlaanderen;
9900;Eeklo;Oost-Vlaanderen;Vlaanderen;
9910;Knesselare;Oost-Vlaanderen;Vlaanderen;
9910;Ursel;Oost-Vlaanderen;Vlaanderen;
9920;Lovendegem;Oost-Vlaanderen;Vlaanderen;
9921;Vinderhoute;Oost-Vlaanderen;Vlaanderen;
9930;Zomergem;Oost-Vlaanderen;Vlaanderen;
9931;Oostwinkel;Oost-Vlaanderen;Vlaanderen;
9932;Ronsele;Oost-Vlaanderen;Vlaanderen;
9940;Ertvelde;Oost-Vlaanderen;Vlaanderen;
9940;Evergem;Oost-Vlaanderen;Vlaanderen;
9940;Kluizen;Oost-Vlaanderen;Vlaanderen;
9940;Sleidinge;Oost-Vlaanderen;Vlaanderen;
9950;Waarschoot;Oost-Vlaanderen;Vlaanderen;
9960;Assenede;Oost-Vlaanderen;Vlaanderen;
9961;Boekhoute;Oost-Vlaanderen;Vlaanderen;
9968;Bassevelde;Oost-Vlaanderen;Vlaanderen;
9968;Oosteeklo;Oost-Vlaanderen;Vlaanderen;
9970;Kaprijke;Oost-Vlaanderen;Vlaanderen;
9971;Lembeke;Oost-Vlaanderen;Vlaanderen;
9980;Sint-Laureins;Oost-Vlaanderen;Vlaanderen;
9981;Sint-Margriete;Oost-Vlaanderen;Vlaanderen;
9982;Sint-Jan-In-Eremo;Oost-Vlaanderen;Vlaanderen;
9988;Waterland-Oudeman;Oost-Vlaanderen;Vlaanderen;
9988;Watervliet;Oost-Vlaanderen;Vlaanderen;
9990;Maldegem;Oost-Vlaanderen;Vlaanderen;
9991;Adegem;Oost-Vlaanderen;Vlaanderen;
9992;Middelburg;Oost-Vlaanderen;Vlaanderen;